Date,Open,High,Low,Close,Volume
1999-06-01,2467.51,2470.53,2411.97,2412.03,743680000
1999-06-02,2411.3201,2436.5701,2364.5901,2432.4099,895580000
1999-06-03,2440.75,2444.04,2402.29,2403.3201,819310000
1999-06-04,2419.46,2478.3401,2419.46,2478.3401,885690000
1999-06-07,2490.8301,2528.05,2478.3401,2524.21,874770000
1999-06-08,2526.1101,2534.48,2472.05,2474.5601,847720000
1999-06-09,2495.1201,2519.5701,2491.71,2519.3501,841720000
1999-06-10,2504.24,2523.49,2468.5801,2484.6201,796410000
1999-06-11,2495.5901,2506.1899,2442.8701,2447.8799,755120000
1999-06-14,2453.23,2456.1699,2397.1201,2398.3101,835470000
1999-06-15,2403.47,2434.52,2397.3999,2414.6699,837020000
1999-06-16,2465.01,2517.8501,2414.6599,2517.8301,1026530000
1999-06-17,2500.3501,2549.99,2494.28,2544.1499,892380000
1999-06-18,2524.8101,2564.4399,2524.8101,2563.4399,978110000
1999-06-21,2578.2,2630.28,2563.4399,2630.28,903880000
1999-06-22,2618.3401,2642.3601,2580.26,2580.26,1002260000
1999-06-23,2569.3999,2598.1299,2557.46,2598.1201,950570000
1999-06-24,2596.71,2598.1299,2550.1399,2553.99,911730000
1999-06-25,2573.0,2587.1499,2542.3601,2552.6499,767890000
1999-06-28,2568.47,2602.45,2554.95,2602.4399,761900000
1999-06-29,2602.98,2642.1101,2594.3201,2642.1101,952190000
1999-06-30,2639.79,2696.8701,2621.0601,2686.1201,1328060000
1999-07-01,2692.96,2711.76,2658.26,2706.1799,1093090000
1999-07-02,2712.8999,2741.02,2711.8799,2741.02,850020000
1999-07-06,2760.01,2787.1699,2733.6299,2736.78,1135620000
1999-07-07,2742.3301,2748.8201,2724.3701,2743.04,1033750000
1999-07-08,2744.48,2775.52,2731.1201,2771.8601,1048380000
1999-07-09,2785.3401,2793.26,2767.3701,2793.0701,927180000
1999-07-12,2805.0801,2812.3501,2774.77,2790.4399,981370000
1999-07-13,2768.8201,2782.25,2755.8401,2778.23,995390000
1999-07-14,2796.6201,2818.1399,2771.21,2818.1299,1071090000
1999-07-15,2828.6101,2840.03,2813.52,2839.3701,1119320000
1999-07-16,2851.52,2871.8999,2839.3701,2864.48,1052960000
1999-07-19,2874.6101,2874.9199,2829.8899,2830.29,945950000
1999-07-20,2806.3701,2806.3701,2728.8101,2732.1799,1081290000
1999-07-21,2742.8301,2769.6001,2728.3701,2761.77,1019080000
1999-07-22,2749.05,2749.05,2679.3501,2684.4399,1038620000
1999-07-23,2700.8601,2708.8701,2668.4299,2692.3999,922040000
1999-07-26,2656.3,2666.6599,2619.0801,2619.1899,843850000
1999-07-27,2658.26,2685.04,2650.1799,2679.3301,997520000
1999-07-28,2684.04,2709.76,2660.6201,2705.8401,964880000
1999-07-29,2663.96,2705.8401,2627.8,2640.01,917000000
1999-07-30,2657.8301,2676.45,2631.8701,2638.49,877260000
1999-08-02,2638.3101,2670.8101,2617.22,2623.6299,754220000
1999-08-03,2647.8101,2649.21,2564.25,2587.99,1013500000
1999-08-04,2590.2,2604.1101,2538.8799,2540.0,964170000
1999-08-05,2539.24,2565.8301,2474.4099,2565.8301,1167110000
1999-08-06,2552.03,2592.3301,2535.6299,2547.97,813730000
1999-08-09,2562.05,2563.72,2517.46,2518.98,748210000
1999-08-10,2513.1399,2521.6499,2442.22,2490.1101,978230000
1999-08-11,2532.54,2565.1499,2490.1101,2564.98,911460000
1999-08-12,2567.21,2586.1001,2548.51,2549.49,916770000
1999-08-13,2590.1699,2637.8201,2590.1699,2637.8101,934220000
1999-08-16,2644.6699,2661.1499,2623.05,2645.28,781570000
1999-08-17,2674.47,2680.0,2631.3401,2671.23,898390000
1999-08-18,2671.1299,2683.1499,2657.3899,2657.73,1045290000
1999-08-19,2637.74,2657.74,2612.28,2621.4299,868280000
1999-08-20,2635.05,2648.4099,2620.21,2648.3301,795140000
1999-08-23,2670.7,2719.9099,2648.3301,2719.5701,915630000
1999-08-24,2708.8,2777.0,2708.0601,2752.3701,1032160000
1999-08-25,2772.8201,2810.1001,2750.72,2805.6001,1035950000
1999-08-26,2808.4199,2819.8999,2774.1101,2774.6201,1100060000
1999-08-27,2792.47,2795.1799,2752.48,2758.8999,806090000
1999-08-30,2763.8301,2769.0701,2703.1001,2712.6899,795940000
1999-08-31,2717.26,2739.8999,2671.6699,2739.3501,970590000
1999-09-01,2752.3301,2768.55,2739.1101,2750.8,919330000
1999-09-02,2716.1499,2750.8201,2698.1799,2734.24,836160000
1999-09-03,2793.6599,2843.1101,2734.24,2843.1101,910410000
1999-09-07,2840.1201,2860.1599,2833.02,2837.26,911230000
1999-09-08,2824.02,2851.1201,2806.6001,2808.74,1005950000
1999-09-09,2826.6001,2852.04,2807.95,2852.02,1029970000
1999-09-10,2880.73,2897.53,2855.28,2887.0601,1129430000
1999-09-13,2879.78,2883.3601,2844.76,2844.77,984440000
1999-09-14,2843.53,2870.26,2837.9299,2868.29,1013000000
1999-09-15,2887.23,2888.8999,2813.25,2814.1699,1059050000
1999-09-16,2820.8401,2820.8401,2756.03,2806.72,960310000
1999-09-17,2825.8601,2869.6499,2824.1899,2869.6201,1005060000
1999-09-20,2877.53,2890.72,2858.79,2886.1499,803340000
1999-09-21,2863.5601,2863.5601,2819.6899,2821.1001,1035910000
1999-09-22,2832.1001,2858.1899,2802.1799,2858.1599,1029880000
1999-09-23,2879.8999,2880.1001,2741.9399,2749.8301,1170630000
1999-09-24,2728.23,2746.78,2684.7,2740.4099,1152000000
1999-09-27,2781.4199,2794.1599,2758.96,2761.75,942310000
1999-09-28,2752.24,2763.75,2694.74,2756.25,1103400000
1999-09-29,2756.25,2772.4299,2728.8999,2730.27,1121110000
1999-09-30,2744.3501,2765.4099,2717.8899,2746.1599,1210570000
1999-10-01,2729.04,2739.77,2698.01,2736.8501,973610000
1999-10-04,2751.54,2795.99,2747.6899,2795.97,914660000
1999-10-05,2795.97,2833.96,2765.3701,2799.6699,1193260000
1999-10-06,2822.6001,2857.4299,2822.6001,2857.21,1170050000
1999-10-07,2874.75,2886.2,2847.1799,2860.7,1216890000
1999-10-08,2861.72,2886.5901,2825.8601,2886.5701,1035030000
1999-10-11,2890.73,2920.73,2890.54,2915.95,873260000
1999-10-12,2921.4099,2923.3201,2869.4399,2872.4299,1004090000
1999-10-13,2834.9399,2864.22,2787.8601,2801.27,1004720000
1999-10-14,2816.02,2821.6899,2766.46,2806.8401,1015490000
1999-10-15,2748.1001,2763.04,2704.28,2731.8301,1074740000
1999-10-18,2726.3,2730.49,2632.01,2689.1499,997350000
1999-10-19,2725.5701,2729.3,2674.8999,2688.1799,1093110000
1999-10-20,2745.6201,2788.1299,2728.0,2788.1299,1053700000
1999-10-21,2727.74,2805.0701,2724.74,2801.95,1123220000
1999-10-22,2827.23,2843.6001,2807.54,2816.52,1175300000
1999-10-25,2813.29,2832.6599,2793.54,2815.95,933190000
1999-10-26,2851.99,2859.9199,2811.2,2811.47,1067420000
1999-10-27,2811.9399,2812.5,2768.8701,2802.52,1075340000
1999-10-28,2832.8101,2875.48,2830.0801,2875.22,1249160000
1999-10-29,2919.3701,2978.6299,2919.3701,2966.4299,1441380000
1999-11-01,2970.9299,2997.8999,2967.6299,2967.6499,1076080000
1999-11-02,2984.4299,3014.8401,2971.6799,2981.6299,1248540000
1999-11-03,3021.53,3040.9399,3011.9399,3028.51,1339050000
1999-11-04,3067.0801,3077.4099,3030.3101,3055.95,1364610000
1999-11-05,3100.1299,3118.0601,3081.46,3102.29,1346320000
1999-11-08,3072.04,3148.2,3068.8601,3143.97,1300800000
1999-11-09,3172.99,3174.8101,3099.22,3125.04,1470420000
1999-11-10,3126.0901,3186.5701,3122.04,3155.96,1433250000
1999-11-11,3186.4099,3201.3799,3169.04,3197.29,1382840000
1999-11-12,3220.98,3222.99,3124.77,3221.1499,1409070000
1999-11-15,3230.26,3236.3501,3214.5801,3219.54,1283340000
1999-11-16,3242.9199,3295.52,3235.2,3295.52,1486980000
1999-11-17,3308.8799,3324.24,3268.8501,3269.3899,1652650000
1999-11-18,3301.49,3347.1101,3288.6799,3347.1101,1592920000
1999-11-19,3351.75,3373.0,3335.6299,3369.25,1422350000
1999-11-22,3399.0601,3400.23,3357.6799,3392.5601,1374760000
1999-11-23,3408.6799,3411.23,3320.6699,3342.8701,1456310000
1999-11-24,3351.6599,3420.5,3328.03,3420.5,1290550000
1999-11-26,3455.1399,3469.3501,3444.1299,3447.8101,730780000
1999-11-29,3458.1299,3468.3201,3421.3601,3421.3701,1543750000
1999-11-30,3424.6101,3424.6101,3326.53,3336.1599,1548680000
1999-12-01,3341.1001,3375.8,3321.5701,3353.71,1434310000
1999-12-02,3371.8501,3452.78,3371.8501,3452.78,1458170000
1999-12-03,3507.3,3553.5601,3507.3,3520.6299,1539060000
1999-12-06,3531.24,3570.9099,3507.72,3546.01,1373230000
1999-12-07,3573.3,3589.0601,3532.4099,3586.9199,1564600000
1999-12-08,3588.8201,3625.47,3579.51,3586.0801,1676620000
1999-12-09,3643.5701,3647.55,3514.9099,3594.1699,1787570000
1999-12-10,3633.55,3636.6499,3560.9099,3620.24,1594040000
1999-12-13,3624.6699,3668.1599,3597.98,3658.1699,1582860000
1999-12-14,3669.21,3669.8501,3571.26,3571.6599,1596410000
1999-12-15,3546.73,3621.98,3503.7,3621.95,1648290000
1999-12-16,3669.23,3715.25,3666.23,3715.0601,1430310000
1999-12-17,3792.23,3796.8,3742.6799,3753.0601,1572710000
1999-12-20,3782.0601,3801.9299,3747.79,3783.8701,1324450000
1999-12-21,3798.25,3911.1699,3785.78,3911.1499,1486980000
1999-12-22,3935.49,3948.48,3878.0601,3937.3,1473570000
1999-12-23,3966.46,4001.6299,3958.1699,3969.4399,1272680000
1999-12-27,4001.8999,4001.8999,3902.3501,3975.3799,1154650000
1999-12-28,3977.8799,4022.51,3943.04,3972.1101,1237130000
1999-12-29,3990.54,4041.54,3987.8799,4041.46,1158430000
1999-12-30,4079.03,4090.6101,4026.1899,4036.8701,1107160000
1999-12-31,4056.99,4082.3701,4032.3301,4069.3101,762980000
2000-01-03,4186.1899,4192.1899,3989.71,4131.1499,1510070000
2000-01-04,4020.0,4073.25,3898.23,3901.6899,1511840000
2000-01-05,3854.3501,3924.21,3734.8701,3877.54,1735670000
2000-01-06,3834.4399,3868.76,3715.6201,3727.1299,1598320000
2000-01-07,3711.0901,3882.6699,3711.0901,3882.6201,1634930000
2000-01-10,4002.23,4072.3601,3958.8301,4049.6699,1691710000
2000-01-11,4031.3799,4066.6599,3904.8201,3921.1899,1694460000
2000-01-12,3950.95,3950.98,3834.53,3850.02,1525900000
2000-01-13,3915.1399,3957.47,3858.22,3957.21,1476970000
2000-01-14,4045.72,4091.95,4045.72,4064.27,1656630000
2000-01-18,4059.6499,4148.0,4053.21,4130.8101,1585230000
2000-01-19,4116.27,4164.6499,4084.73,4151.29,1652210000
2000-01-20,4205.0601,4227.3501,4143.6099,4189.5098,1851300000
2000-01-21,4236.6499,4238.0,4168.2998,4235.3999,1923680000
2000-01-24,4290.3799,4303.1499,4095.3101,4096.0801,1989050000
2000-01-25,4124.75,4167.6299,4028.51,4167.4102,1743630000
2000-01-26,4174.7202,4174.7202,4069.9099,4069.9099,1717000000
2000-01-27,4120.5,4140.0898,3973.5901,4039.5601,1798460000
2000-01-28,4010.1399,4048.3101,3856.23,3887.0701,1616370000
2000-01-31,3873.8401,3940.46,3748.03,3940.3501,1507630000
2000-02-01,3961.0701,4053.1599,3911.8401,4051.98,1398240000
2000-02-02,4059.03,4125.75,4051.4399,4073.96,1527880000
2000-02-03,4134.6499,4211.0601,4085.53,4210.98,1722330000
2000-02-04,4242.1499,4294.8398,4229.2002,4244.1401,1751450000
2000-02-07,4274.0298,4321.96,4244.7402,4321.77,1625540000
2000-02-08,4370.0098,4428.48,4370.0098,4427.5,1971180000
2000-02-09,4460.1802,4460.7598,4362.7402,4363.2402,1775590000
2000-02-10,4390.1602,4485.6699,4357.6899,4485.6299,1813590000
2000-02-11,4489.3301,4489.79,4360.54,4395.4502,1738590000
2000-02-14,4434.3799,4435.96,4355.54,4418.5498,1600850000
2000-02-15,4415.52,4440.6201,4291.1001,4420.77,1708930000
2000-02-16,4427.1899,4477.6401,4413.6602,4427.6499,1782130000
2000-02-17,4483.0098,4553.1401,4444.75,4548.9199,2008440000
2000-02-18,4563.7202,4564.4502,4404.6099,4411.7402,1898410000
2000-02-22,4432.8301,4443.9399,4291.0098,4382.1201,1772290000
2000-02-23,4406.8799,4567.9702,4401.3799,4550.3301,1892800000
2000-02-24,4583.8901,4620.0298,4495.2002,4617.6499,1944050000
2000-02-25,4618.8301,4662.9302,4576.1899,4590.5,1825500000
2000-02-28,4575.0698,4626.7202,4466.4199,4577.8501,1798070000
2000-02-29,4646.6401,4698.46,4637.1699,4696.6899,2088840000
2000-03-01,4732.8198,4796.8999,4732.8198,4784.0801,2232340000
2000-03-02,4816.8101,4829.0098,4705.4502,4754.5098,2137080000
2000-03-03,4846.0098,4914.79,4813.8198,4914.79,2136530000
2000-03-06,4935.6499,4980.1499,4887.8799,4904.8501,2015580000
2000-03-07,4991.9702,5006.7798,4829.8799,4847.8398,2156410000
2000-03-08,4920.8599,4923.1401,4722.1401,4897.2598,2020130000
2000-03-09,4913.0801,5047.96,4857.5698,5046.8599,2006810000
2000-03-10,5060.3398,5132.52,5039.3501,5048.6201,1992170000
2000-03-13,4879.0298,5027.73,4839.2598,4907.2402,1736270000
2000-03-14,4997.3101,5013.4902,4706.6099,4706.6299,1977820000
2000-03-15,4758.4399,4758.4399,4553.9199,4582.6201,1937800000
2000-03-16,4658.4399,4717.7598,4455.1001,4717.3901,2041510000
2000-03-17,4702.0298,4805.9399,4702.0298,4798.1299,1691530000
2000-03-20,4812.1401,4822.7002,4610.0,4610.0,1539860000
2000-03-21,4589.52,4712.2402,4467.5298,4711.6802,1753310000
2000-03-22,4750.54,4900.4199,4736.8999,4864.75,1769510000
2000-03-23,4874.1699,4975.6602,4865.1001,4940.6099,1714160000
2000-03-24,4986.54,5078.8599,4902.8301,4963.0298,1688970000
2000-03-27,4994.4199,5022.23,4946.6099,4958.5601,1380380000
2000-03-28,4939.0498,4952.9302,4833.8901,4833.8901,1490090000
2000-03-29,4860.02,4860.02,4641.0098,4644.6699,1738270000
2000-03-30,4540.4399,4683.8799,4355.6899,4457.8901,1925860000
2000-03-31,4550.21,4606.48,4381.3799,4572.8301,2118100000
2000-04-03,4494.8901,4572.8398,4193.1001,4223.6802,1739920000
2000-04-04,4283.4502,4283.4502,3649.1101,4148.8901,2889100000
2000-04-05,4025.8999,4286.8799,4009.0901,4169.2202,1947700000
2000-04-06,4266.7998,4324.0898,4196.5098,4267.5601,1746450000
2000-04-07,4354.1299,4446.4502,4323.1802,4446.4502,1563430000
2000-04-10,4475.2002,4475.2002,4188.1699,4188.2002,1446140000
2000-04-11,4094.6101,4182.96,4009.52,4055.8999,1679390000
2000-04-12,4050.3201,4077.9199,3769.1699,3769.6299,1921090000
2000-04-13,3839.5601,3914.6799,3676.6699,3676.78,1951500000
2000-04-14,3597.4399,3615.6399,3265.98,3321.29,2555780000
2000-04-17,3232.9399,3539.77,3227.04,3539.1599,2482830000
2000-04-18,3596.1499,3794.97,3563.8301,3793.5701,2152720000
2000-04-19,3832.6499,3851.5601,3698.3301,3706.4099,1760270000
2000-04-20,3735.0801,3751.3301,3599.6799,3643.8799,1422730000
2000-04-24,3466.6899,3496.8201,3345.25,3482.48,1540710000
2000-04-25,3592.73,3711.5701,3583.9199,3711.23,1622910000
2000-04-26,3728.99,3777.0801,3629.3601,3630.0901,1592830000
2000-04-27,3519.1299,3774.1101,3513.76,3774.03,1548760000
2000-04-28,3830.6101,3873.8501,3810.0601,3860.6599,1583710000
2000-05-01,3930.1799,3982.3799,3899.71,3958.0801,1500610000
2000-05-02,3927.9199,3948.6299,3784.54,3785.45,1438040000
2000-05-03,3755.3,3759.21,3592.79,3707.3101,1480050000
2000-05-04,3723.27,3762.47,3679.4299,3720.24,1287850000
2000-05-05,3694.28,3818.3999,3694.28,3816.8201,1197290000
2000-05-08,3758.46,3765.22,3669.1101,3669.3799,1142710000
2000-05-09,3704.8501,3708.74,3540.8201,3585.01,1454780000
2000-05-10,3525.02,3531.48,3367.0601,3384.73,1580110000
2000-05-11,3450.0601,3502.53,3389.8701,3499.5801,1370230000
2000-05-12,3546.24,3619.6899,3523.2,3529.0601,1220040000
2000-05-15,3533.21,3607.77,3445.1299,3607.6499,1155810000
2000-05-16,3674.8899,3729.1201,3626.99,3717.5701,1495270000
2000-05-17,3649.54,3690.8201,3616.27,3644.96,1227380000
2000-05-18,3660.24,3663.8401,3538.71,3538.71,1258610000
2000-05-19,3480.6299,3506.1799,3381.73,3390.3999,1366930000
2000-05-22,3390.95,3390.95,3172.6499,3364.21,1615480000
2000-05-23,3346.6599,3389.6001,3163.97,3164.55,1330440000
2000-05-24,3155.1399,3276.1899,3042.6599,3270.6101,2087980000
2000-05-25,3308.51,3365.8401,3194.5901,3205.3501,1561840000
2000-05-26,3215.28,3256.6299,3150.78,3205.1101,1069440000
2000-05-30,3286.54,3460.24,3286.54,3459.48,1457360000
2000-05-31,3428.25,3501.51,3399.6201,3400.9099,1533730000
2000-06-01,3471.95,3583.27,3459.8501,3582.5,1580240000
2000-06-02,3728.95,3814.5,3728.95,3813.3799,1903210000
2000-06-05,3773.24,3875.6599,3765.6001,3821.76,1455960000
2000-06-06,3825.98,3884.01,3749.1799,3756.3701,1603060000
2000-06-07,3766.55,3839.3701,3725.8701,3839.26,1431220000
2000-06-08,3886.04,3890.02,3797.4099,3825.5601,1399250000
2000-06-09,3892.75,3893.6699,3847.71,3874.8401,1268720000
2000-06-12,3892.05,3892.05,3767.8799,3767.9099,1281000000
2000-06-13,3743.9099,3851.4299,3695.3501,3851.0601,1398790000
2000-06-14,3875.04,3883.3401,3797.0,3797.4099,1400300000
2000-06-15,3802.1899,3849.9399,3763.74,3845.74,1426630000
2000-06-16,3877.0701,3883.1499,3822.3401,3860.5601,1501190000
2000-06-19,3818.6499,3990.79,3818.6499,3989.8301,1411400000
2000-06-20,4003.0901,4050.5801,3982.23,4013.3601,1694520000
2000-06-21,3965.3701,4073.1599,3961.3,4064.01,1541900000
2000-06-22,4073.73,4073.73,3936.8401,3936.8401,1639540000
2000-06-23,3950.05,3957.6799,3830.23,3845.3401,1344960000
2000-06-26,3884.6499,3935.1201,3852.4099,3912.1201,1316960000
2000-06-27,3904.3999,3945.75,3858.95,3858.96,1476020000
2000-06-28,3877.77,3974.48,3872.1699,3940.3401,1660130000
2000-06-29,3900.29,3929.1001,3838.8501,3877.23,1550990000
2000-06-30,3889.51,3967.49,3889.3301,3966.1101,2066390000
2000-07-03,3950.5901,3995.8501,3942.9299,3991.9299,600810000
2000-07-05,3949.76,3950.1899,3859.2,3863.1001,1342600000
2000-07-06,3872.9099,3961.1001,3820.3401,3960.5701,1482480000
2000-07-07,3978.3799,4054.05,3960.8101,4023.2,1486480000
2000-07-10,3993.6201,4028.54,3976.2,3980.29,1395950000
2000-07-11,3970.4199,4029.3,3936.75,3956.4199,1714500000
2000-07-12,4024.5901,4103.6499,4001.73,4099.5898,1775980000
2000-07-13,4128.8101,4193.2402,4111.1602,4174.8599,1881560000
2000-07-14,4221.7998,4252.2202,4174.6001,4246.1802,1678610000
2000-07-17,4243.5498,4289.0601,4215.8599,4274.6699,1584500000
2000-07-18,4233.4902,4237.8501,4161.8901,4177.1699,1501970000
2000-07-19,4154.3701,4159.3901,4047.4299,4055.6299,1445310000
2000-07-20,4106.6299,4184.5601,4106.6299,4184.5601,1719880000
2000-07-21,4154.0,4163.3398,4093.76,4094.45,1545940000
2000-07-24,4109.6499,4125.7998,3976.51,3981.5701,1460690000
2000-07-25,4015.4099,4034.8,3955.3601,4029.5701,1471000000
2000-07-26,3998.03,4002.7,3906.55,3987.72,1754760000
2000-07-27,3938.1399,3954.96,3841.6201,3842.23,1791100000
2000-07-28,3855.1001,3867.8,3642.28,3663.0,1769410000
2000-07-31,3692.4299,3767.8899,3615.79,3766.99,1512580000
2000-08-01,3760.95,3766.9199,3682.45,3685.52,1341460000
2000-08-02,3684.1201,3753.95,3651.8101,3658.46,1476820000
2000-08-03,3554.6799,3761.0701,3521.1399,3759.8799,1828860000
2000-08-04,3812.3101,3846.98,3751.22,3787.3601,1438850000
2000-08-07,3819.3799,3870.26,3795.6101,3862.99,1319680000
2000-08-08,3850.8701,3893.05,3839.5801,3848.55,1461590000
2000-08-09,3915.26,3936.46,3849.77,3853.5,1517650000
2000-08-10,3843.5801,3847.29,3759.99,3759.99,1349670000
2000-08-11,3741.6201,3789.98,3686.8601,3789.47,1333260000
2000-08-14,3804.6899,3850.27,3767.3701,3849.6899,1232060000
2000-08-15,3846.8301,3888.9199,3831.96,3851.6599,1353620000
2000-08-16,3878.5801,3914.8401,3844.1699,3861.2,1401380000
2000-08-17,3858.8799,3947.05,3857.75,3940.8701,1440370000
2000-08-18,3958.7,3980.26,3925.95,3930.3401,1447920000
2000-08-21,3966.23,3985.6201,3917.9399,3953.1499,1269330000
2000-08-22,3970.1599,4011.1499,3957.8501,3958.21,1413190000
2000-08-23,3935.51,4011.76,3902.1101,4011.01,1461790000
2000-08-24,4020.99,4055.4399,4004.77,4053.28,1546950000
2000-08-25,4049.8401,4083.1201,4025.5901,4042.6799,1285820000
2000-08-28,4049.1799,4097.3301,4048.01,4070.5901,1373010000
2000-08-29,4074.21,4093.8799,4056.26,4082.1699,1489470000
2000-08-30,4076.5,4115.9902,4065.8201,4103.8101,1537020000
2000-08-31,4127.1899,4208.73,4127.1899,4206.3501,1903150000
2000-09-01,4252.1499,4259.8701,4192.8901,4234.3301,1472940000
2000-09-05,4205.9399,4206.5098,4143.1802,4143.1802,1668120000
2000-09-06,4136.8398,4136.8398,4013.3401,4013.3401,1757190000
2000-09-07,4047.02,4105.54,4035.1201,4098.3501,1634610000
2000-09-08,4081.96,4081.96,3977.47,3978.4099,1508550000
2000-09-11,3961.1599,4008.46,3880.6899,3896.3501,1483670000
2000-09-12,3925.4199,3958.3601,3834.3401,3849.51,1596640000
2000-09-13,3794.9199,3895.8101,3794.29,3893.8899,1656550000
2000-09-14,3963.1001,3984.3301,3897.1799,3913.8601,1699480000
2000-09-15,3905.0901,3905.0901,3806.8799,3835.23,1777540000
2000-09-18,3838.6299,3862.3201,3702.54,3726.52,1613970000
2000-09-19,3766.04,3865.8501,3740.6499,3865.6399,1707400000
2000-09-20,3863.0801,3913.8701,3795.0801,3897.4399,1802040000
2000-09-21,3864.6001,3892.3999,3813.1201,3828.8701,1616010000
2000-09-22,3616.1599,3803.76,3614.6599,3803.76,2164340000
2000-09-25,3852.53,3868.1101,3737.5,3741.22,1774680000
2000-09-26,3762.6499,3795.79,3677.73,3689.1001,1825900000
2000-09-27,3740.6201,3750.6101,3622.6599,3656.3,1948200000
2000-09-28,3638.9399,3778.3799,3626.55,3778.3201,2001450000
2000-09-29,3749.27,3751.3301,3670.3101,3672.8201,2018050000
2000-10-02,3714.48,3714.48,3559.8401,3568.8999,1799220000
2000-10-03,3624.9299,3639.29,3454.6499,3455.8301,1958840000
2000-10-04,3440.6001,3532.4299,3382.53,3523.1001,2129330000
2000-10-05,3499.96,3549.01,3459.5801,3472.1001,1872960000
2000-10-06,3477.7,3505.8101,3314.9099,3361.01,1870690000
2000-10-09,3352.1499,3376.9199,3233.1899,3355.5601,1437770000
2000-10-10,3326.8899,3383.3999,3229.01,3240.54,1874430000
2000-10-11,3152.3301,3258.24,3103.53,3168.49,2340450000
2000-10-12,3241.26,3249.1101,3071.25,3074.6799,2128660000
2000-10-13,3054.55,3316.97,3054.55,3316.77,2070750000
2000-10-16,3315.48,3339.8501,3262.3701,3290.28,1788600000
2000-10-17,3335.3999,3348.6101,3173.6799,3213.96,1936790000
2000-10-18,3106.95,3257.8101,3026.1101,3171.5601,2519920000
2000-10-19,3330.25,3423.45,3314.8899,3418.6001,2343470000
2000-10-20,3402.96,3535.1101,3401.8799,3483.1399,2171490000
2000-10-23,3483.3799,3523.6899,3432.4399,3468.6899,1690110000
2000-10-24,3495.45,3526.71,3401.05,3419.79,1880860000
2000-10-25,3347.24,3376.3301,3210.74,3229.5701,2170930000
2000-10-26,3245.3999,3286.29,3081.3601,3272.1799,2292490000
2000-10-27,3320.6899,3362.26,3231.6299,3278.3601,1963390000
2000-10-30,3243.8799,3279.72,3149.24,3191.3999,1741440000
2000-10-31,3223.4399,3379.0801,3223.4399,3369.6299,2146420000
2000-11-01,3316.51,3396.72,3289.46,3333.3899,2024380000
2000-11-02,3387.28,3433.1599,3370.02,3429.02,2226920000
2000-11-03,3447.3201,3468.5901,3401.77,3451.5801,1846200000
2000-11-06,3469.3501,3480.01,3412.98,3416.21,1608520000
2000-11-07,3399.28,3435.1299,3360.26,3415.79,1700120000
2000-11-08,3426.29,3429.1201,3231.28,3231.7,1678000000
2000-11-09,3174.8999,3230.0,3087.0601,3200.3501,1942770000
2000-11-10,3122.1101,3141.3501,3028.9199,3028.99,1779930000
2000-11-13,2956.0901,3063.3101,2859.3899,2966.72,2048330000
2000-11-14,3069.8101,3145.3,3059.8799,3138.27,1785310000
2000-11-15,3137.6101,3208.95,3104.5701,3165.49,1705940000
2000-11-16,3121.8,3175.6299,3031.76,3031.8799,1523710000
2000-11-17,3044.45,3090.97,2967.1699,3027.1899,1760850000
2000-11-20,2943.1101,2949.5,2860.49,2875.6399,1716290000
2000-11-21,2892.03,2921.8,2845.1699,2871.45,1749380000
2000-11-22,2828.1399,2872.6399,2754.1399,2755.3401,1885130000
2000-11-24,2823.48,2904.46,2820.9099,2904.3799,781600000
2000-11-27,2979.9299,2998.75,2874.71,2880.49,1706570000
2000-11-28,2873.73,2891.3999,2734.46,2734.98,1919970000
2000-11-29,2748.1799,2770.1799,2642.8899,2706.9299,2055720000
2000-11-30,2599.04,2641.75,2523.04,2597.9299,2736270000
2000-12-01,2644.0901,2749.0601,2604.27,2645.29,2221970000
2000-12-04,2662.5601,2671.1799,2567.1799,2615.75,1860480000
2000-12-05,2702.72,2889.8,2694.4099,2889.8,2474670000
2000-12-06,2878.8701,2916.2,2781.24,2796.5,2308280000
2000-12-07,2748.29,2794.53,2707.96,2752.6599,1756810000
2000-12-08,2857.9299,2929.95,2844.9299,2917.4299,2328650000
2000-12-11,2936.6001,3028.75,2901.48,3015.1001,2447760000
2000-12-12,2994.0601,3002.53,2930.99,2931.77,1919030000
2000-12-13,2996.5701,3001.72,2814.1299,2822.77,2042250000
2000-12-14,2820.48,2847.3701,2727.26,2728.51,1770640000
2000-12-15,2688.6599,2697.9299,2596.03,2653.27,2770690000
2000-12-18,2698.72,2726.2,2597.47,2624.52,2065990000
2000-12-19,2617.0601,2696.6101,2509.76,2511.71,2317200000
2000-12-20,2410.96,2432.8301,2312.51,2332.78,2855150000
2000-12-21,2310.21,2423.71,2288.1599,2340.1201,2686970000
2000-12-22,2397.6699,2517.9299,2397.6699,2517.02,2235410000
2000-12-26,2518.29,2548.75,2436.1899,2493.52,1558700000
2000-12-27,2471.3301,2539.52,2450.22,2539.3501,2002650000
2000-12-28,2517.8999,2571.52,2514.5601,2557.76,2192130000
2000-12-29,2552.6799,2577.02,2456.54,2470.52,2531760000
2001-01-02,2474.1599,2474.1599,2273.0701,2291.8601,1918930000
2001-01-03,2254.5601,2618.03,2251.71,2616.6899,3188000000
2001-01-04,2593.96,2644.8,2549.8301,2566.8301,2610680000
2001-01-05,2573.1101,2574.6201,2395.3899,2407.6499,2104670000
2001-01-08,2388.72,2397.0601,2299.6499,2395.9199,1850590000
2001-01-09,2424.6899,2474.1599,2406.0801,2441.3,1975130000
2001-01-10,2392.71,2525.28,2376.49,2524.1799,2470350000
2001-01-11,2495.5901,2661.9299,2495.01,2640.5701,2842640000
2001-01-12,2639.5601,2699.8701,2589.6299,2626.5,2518850000
2001-01-16,2631.49,2638.22,2576.95,2618.55,2073940000
2001-01-17,2710.53,2756.6299,2668.48,2682.78,2819190000
2001-01-18,2696.74,2769.98,2661.26,2768.49,2558710000
2001-01-19,2838.3601,2841.25,2752.0601,2770.3799,2697190000
2001-01-22,2759.1001,2789.6299,2722.96,2757.9099,2037140000
2001-01-23,2759.26,2845.3899,2736.28,2840.3899,2278470000
2001-01-24,2850.74,2892.3601,2828.3201,2859.1499,2567320000
2001-01-25,2836.3501,2849.5601,2753.3701,2754.28,2298150000
2001-01-26,2705.3899,2785.6201,2686.6499,2781.3,2268800000
2001-01-29,2757.29,2840.02,2742.5,2838.3401,1970130000
2001-01-30,2845.01,2861.71,2817.1299,2838.3501,2073590000
2001-01-31,2848.1101,2872.47,2772.3501,2772.73,2277310000
2001-02-01,2771.5701,2796.8899,2742.4399,2782.79,1776260000
2001-02-02,2782.9299,2791.5801,2660.1101,2660.5,1706900000
2001-02-05,2639.6499,2656.02,2596.73,2643.21,1648760000
2001-02-06,2641.9099,2705.5901,2640.23,2664.49,1788920000
2001-02-07,2615.9399,2636.0701,2554.76,2607.8201,2056920000
2001-02-08,2625.78,2651.8401,2562.02,2562.0601,1852360000
2001-02-09,2542.24,2542.6201,2455.8701,2470.97,1881910000
2001-02-12,2458.6499,2508.27,2435.3601,2489.6599,1751220000
2001-02-13,2510.8401,2554.6499,2427.47,2427.72,1728550000
2001-02-14,2437.6799,2493.1101,2388.3999,2491.3999,1987350000
2001-02-15,2536.6299,2593.0901,2536.6299,2552.9099,2106930000
2001-02-16,2444.6001,2457.6499,2397.4299,2425.3799,1892200000
2001-02-20,2439.5701,2442.99,2317.77,2318.3501,1878340000
2001-02-21,2281.79,2353.51,2257.1499,2268.9399,2019740000
2001-02-22,2272.1299,2291.6899,2185.9099,2244.96,2483470000
2001-02-23,2221.27,2264.6799,2156.29,2262.51,2237910000
2001-02-26,2287.8799,2309.73,2238.6399,2308.5,1739060000
2001-02-27,2286.6399,2300.1799,2206.72,2207.8201,1808540000
2001-02-28,2223.8799,2238.0601,2127.5,2151.8301,2082700000
2001-03-01,2126.3,2184.4099,2071.03,2183.3701,2256880000
2001-03-02,2111.23,2197.8501,2091.55,2117.6299,2374100000
2001-03-05,2142.75,2163.0901,2127.96,2142.9199,1495750000
2001-03-06,2204.3,2243.78,2202.7,2204.4299,1986380000
2001-03-07,2241.23,2243.75,2201.4099,2223.9199,1774410000
2001-03-08,2211.3,2219.8701,2161.4099,2168.73,1759140000
2001-03-09,2124.1101,2124.1101,2041.78,2052.78,1962120000
2001-03-12,2001.6801,2004.09,1922.78,1923.38,2149820000
2001-03-13,1948.7,2015.35,1932.63,2014.78,2096420000
2001-03-14,1948.5601,2028.53,1933.4,1972.09,2147220000
2001-03-15,2023.79,2030.73,1939.38,1940.71,1963770000
2001-03-16,1914.58,1940.71,1877.6899,1890.91,2102270000
2001-03-19,1901.45,1953.08,1867.58,1951.1801,1774570000
2001-03-20,1964.45,1974.14,1857.41,1857.4399,2016500000
2001-03-21,1862.74,1896.21,1820.75,1830.23,2109190000
2001-03-22,1845.34,1898.1,1794.21,1897.7,2504770000
2001-03-23,1938.91,1952.92,1891.99,1928.6801,2284560000
2001-03-26,1957.71,1960.6801,1909.42,1918.49,1719620000
2001-03-27,1922.7,1979.75,1907.16,1972.23,1951410000
2001-03-28,1925.3,1925.3,1852.96,1854.13,2072260000
2001-03-29,1838.4399,1876.74,1802.76,1820.5699,2079050000
2001-03-30,1830.42,1855.58,1794.3,1840.26,2139050000
2001-04-02,1835.22,1852.49,1769.66,1782.97,1848350000
2001-04-03,1758.1801,1759.01,1660.92,1673.0,2573410000
2001-04-04,1668.37,1698.21,1619.58,1638.8,2465470000
2001-04-05,1709.91,1785.73,1706.1,1785.0,2333000000
2001-04-06,1756.11,1756.11,1700.2,1720.36,1835720000
2001-04-09,1739.66,1757.38,1710.76,1745.71,1448830000
2001-04-10,1771.6801,1868.1,1771.6801,1852.03,2203460000
2001-04-11,1929.9301,1948.08,1884.95,1898.95,2372010000
2001-04-12,1881.1899,1961.5699,1868.76,1961.4301,1902800000
2001-04-16,1934.7,1946.92,1891.88,1909.5699,1571910000
2001-04-17,1872.35,1941.5699,1869.34,1923.22,1900580000
2001-04-18,2005.0601,2129.3101,1995.91,2079.4399,3195650000
2001-04-19,2100.8799,2182.1399,2082.24,2182.1399,2788870000
2001-04-20,2171.8999,2202.8601,2135.3201,2163.4099,2544420000
2001-04-23,2118.3601,2118.77,2046.84,2059.3201,1845630000
2001-04-24,2055.3201,2095.8899,2012.37,2016.61,1983330000
2001-04-25,2013.42,2066.97,2000.83,2059.8,1978940000
2001-04-26,2086.04,2095.8301,2032.38,2034.88,2028800000
2001-04-27,2070.24,2082.6399,2046.71,2075.6799,1801600000
2001-04-30,2113.1101,2159.0801,2097.5801,2116.24,2027180000
2001-05-01,2116.24,2168.4199,2088.6101,2168.24,1922520000
2001-05-02,2205.25,2232.6599,2175.1299,2220.6001,2584140000
2001-05-03,2183.0701,2183.0701,2129.0701,2146.2,2010880000
2001-05-04,2102.6101,2191.9299,2089.23,2191.53,2057110000
2001-05-07,2194.04,2215.3701,2166.51,2173.5701,1749600000
2001-05-08,2209.01,2210.45,2165.3701,2198.77,1892280000
2001-05-09,2162.3,2189.03,2141.4299,2156.6299,1793520000
2001-05-10,2195.52,2197.03,2128.6899,2128.8601,1741690000
2001-05-11,2130.74,2140.3701,2097.3601,2107.4299,1430930000
2001-05-14,2105.3601,2105.3799,2052.4099,2081.9199,1338540000
2001-05-15,2086.98,2125.3201,2077.5,2085.5801,1710620000
2001-05-16,2067.6001,2171.22,2057.99,2166.4399,2078580000
2001-05-17,2170.01,2216.3601,2167.72,2193.6799,2154310000
2001-05-18,2182.5601,2205.6499,2172.48,2198.8799,1792620000
2001-05-21,2201.45,2305.73,2198.1399,2305.5901,2311480000
2001-05-22,2319.1799,2328.05,2291.9099,2313.8501,2314800000
2001-05-23,2299.75,2299.75,2243.46,2243.48,1886790000
2001-05-24,2250.04,2282.1899,2226.26,2282.02,1864570000
2001-05-25,2281.1799,2282.4299,2242.8601,2251.03,1385410000
2001-05-29,2239.9199,2239.9199,2170.5801,2175.54,1621060000
2001-05-30,2136.95,2137.6699,2077.98,2084.5,1991230000
2001-05-31,2092.53,2140.0701,2092.48,2110.49,1833070000
2001-06-01,2131.1201,2157.8,2101.26,2149.4399,1555300000
2001-06-04,2164.7,2174.1599,2136.6299,2155.9299,1320350000
2001-06-05,2167.3101,2244.23,2167.24,2233.6599,1845100000
2001-06-06,2239.8601,2249.72,2204.8799,2217.73,1771940000
2001-06-07,2208.03,2264.5801,2205.8501,2264.0,1660520000
2001-06-08,2263.75,2263.75,2202.27,2215.1001,1437730000
2001-06-11,2205.4099,2205.4099,2150.75,2170.78,1418630000
2001-06-12,2133.5601,2184.2,2105.26,2169.95,1713560000
2001-06-13,2175.6201,2187.1599,2121.3799,2121.6599,1546790000
2001-06-14,2100.74,2101.05,2043.36,2044.0699,1763760000
2001-06-15,2017.8,2048.3201,1992.39,2028.4301,2109340000
2001-06-18,2035.34,2046.63,1987.17,1988.63,1567770000
2001-06-19,2046.04,2057.1899,1978.25,1992.66,1980650000
2001-06-20,1974.11,2032.67,1973.7,2031.24,2110760000
2001-06-21,2026.3,2077.4299,2014.33,2058.76,2180500000
2001-06-22,2062.0,2074.8301,2028.0699,2034.84,1714580000
2001-06-25,2054.3401,2060.0601,2026.4,2050.8701,1481730000
2001-06-26,2022.86,2068.1499,2017.34,2064.6201,1657380000
2001-06-27,2068.29,2084.3999,2048.8799,2074.74,1716400000
2001-06-28,2096.8799,2157.3201,2096.8799,2125.46,1952960000
2001-06-29,2129.8899,2180.1101,2118.1101,2160.54,2071630000
2001-07-02,2156.76,2181.05,2140.6499,2148.72,1513420000
2001-07-03,2137.1001,2148.1799,2123.75,2140.8,868430000
2001-07-05,2122.8899,2130.96,2079.8301,2080.1101,1290680000
2001-07-06,2060.73,2060.73,2001.8199,2004.16,1441420000
2001-07-09,2010.97,2038.17,2000.08,2026.71,1399630000
2001-07-10,2043.61,2045.12,1960.15,1962.79,1663970000
2001-07-11,1954.72,1975.79,1934.67,1972.04,1770290000
2001-07-12,2033.22,2080.1299,2031.84,2075.74,1888690000
2001-07-13,2068.22,2105.1499,2055.5601,2084.79,1561760000
2001-07-16,2078.53,2091.6799,2025.41,2029.12,1489350000
2001-07-17,2017.47,2067.4399,2006.8,2067.3201,1695690000
2001-07-18,2035.09,2056.0601,2003.95,2016.17,1738120000
2001-07-19,2042.3199,2079.3301,2027.11,2046.59,1906220000
2001-07-20,2015.23,2035.52,2009.5601,2029.37,1642120000
2001-07-23,2043.84,2047.85,1987.51,1988.5601,1356540000
2001-07-24,1980.37,1994.03,1939.28,1959.24,1601500000
2001-07-25,1962.6801,1984.98,1942.58,1984.3199,1675490000
2001-07-26,1980.03,2025.88,1963.21,2022.96,1765390000
2001-07-27,2020.58,2039.15,2009.9399,2029.0699,1583800000
2001-07-30,2034.11,2039.01,2009.9399,2017.84,1338230000
2001-07-31,2023.97,2057.1001,2014.0601,2027.13,1621790000
2001-08-01,2051.5601,2078.3601,2045.13,2068.3799,1784220000
2001-08-02,2092.52,2103.1599,2061.75,2087.3799,1675930000
2001-08-03,2079.1499,2079.1499,2047.62,2066.3301,1245120000
2001-08-06,2047.86,2053.6001,2032.51,2034.26,1106550000
2001-08-07,2026.84,2043.48,2013.75,2027.79,1318020000
2001-08-08,2015.75,2038.64,1958.67,1966.36,1661690000
2001-08-09,1962.48,1971.61,1941.24,1963.3199,1457150000
2001-08-10,1957.34,1967.03,1915.99,1956.47,1372690000
2001-08-13,1963.04,1986.33,1951.46,1982.25,1147040000
2001-08-14,1990.83,1998.59,1961.53,1964.53,1231860000
2001-08-15,1964.2,1975.1801,1918.74,1918.89,1463930000
2001-08-16,1899.9,1930.46,1879.0699,1930.3199,1613790000
2001-08-17,1895.42,1903.73,1862.76,1867.01,1301510000
2001-08-20,1866.29,1881.62,1854.96,1881.35,1165790000
2001-08-21,1883.4399,1893.39,1831.28,1831.3,1325960000
2001-08-22,1851.75,1860.02,1817.7,1860.01,1550540000
2001-08-23,1857.52,1883.48,1842.51,1842.97,1456290000
2001-08-24,1863.3199,1916.83,1857.73,1916.8,1495650000
2001-08-27,1912.7,1933.9399,1897.63,1912.41,1195290000
2001-08-28,1912.67,1916.28,1864.72,1864.98,1433940000
2001-08-29,1875.4399,1879.76,1833.65,1843.17,1466700000
2001-08-30,1817.1899,1833.29,1777.11,1791.6801,1734810000
2001-08-31,1784.26,1817.72,1782.1,1805.4301,1232880000
2001-09-04,1802.29,1836.1899,1770.76,1770.78,1536580000
2001-09-05,1771.75,1782.5,1715.86,1759.01,1950580000
2001-09-06,1736.2,1753.83,1702.92,1705.64,1887800000
2001-09-07,1694.02,1724.5699,1676.42,1687.7,1712760000
2001-09-10,1673.78,1702.12,1669.9399,1695.38,1612970000
2001-09-17,1613.83,1629.1,1579.28,1579.55,2254620000
2001-09-18,1591.77,1605.0601,1548.85,1555.08,1864980000
2001-09-19,1560.52,1568.22,1451.3101,1527.8,2464030000
2001-09-20,1494.9399,1513.24,1467.1,1470.9301,2804660000
2001-09-21,1395.79,1454.04,1387.0601,1423.1899,2588150000
2001-09-24,1459.47,1507.51,1459.47,1499.4,2052290000
2001-09-25,1505.52,1528.33,1480.6899,1501.64,2181960000
2001-09-26,1514.76,1516.12,1458.34,1464.04,1760620000
2001-09-27,1456.8,1465.7,1418.15,1460.71,2043090000
2001-09-28,1472.5601,1499.58,1466.78,1498.8,2114360000
2001-10-01,1491.45,1491.45,1458.41,1480.46,1505140000
2001-10-02,1479.01,1504.24,1473.13,1492.33,1784730000
2001-10-03,1479.27,1595.48,1473.22,1580.8101,2713300000
2001-10-04,1602.6,1641.5601,1581.08,1597.3101,2558580000
2001-10-05,1586.4,1608.76,1548.8101,1605.3,1836380000
2001-10-08,1582.9301,1621.11,1574.65,1605.95,1417520000
2001-10-09,1604.11,1607.2,1565.97,1570.1899,1527430000
2001-10-10,1563.96,1626.99,1558.8101,1626.26,1857510000
2001-10-11,1649.55,1701.48,1649.55,1701.47,2532940000
2001-10-12,1690.21,1707.4301,1651.24,1703.4,2185970000
2001-10-15,1684.04,1698.24,1663.78,1696.3101,1586210000
2001-10-16,1704.75,1722.85,1690.54,1722.0699,1843310000
2001-10-17,1752.9399,1754.01,1646.34,1646.34,2292410000
2001-10-18,1648.6899,1668.0,1634.72,1652.72,1793870000
2001-10-19,1644.49,1675.2,1628.24,1671.3101,1591110000
2001-10-22,1666.08,1708.09,1660.22,1708.08,1530830000
2001-10-23,1720.54,1739.47,1695.22,1704.4399,1839490000
2001-10-24,1707.52,1736.17,1697.6899,1731.54,1895000000
2001-10-25,1708.49,1775.51,1683.61,1775.47,2259620000
2001-10-26,1763.78,1792.87,1763.0,1768.96,1999200000
2001-10-29,1763.42,1767.97,1699.4,1699.52,1659170000
2001-10-30,1682.3,1686.6801,1646.3,1667.41,1778560000
2001-10-31,1690.12,1721.6899,1677.71,1690.2,1897610000
2001-11-01,1705.52,1746.65,1683.99,1746.3,1784910000
2001-11-02,1741.37,1759.65,1726.61,1745.73,1643860000
2001-11-05,1768.29,1801.55,1768.29,1793.65,1734250000
2001-11-06,1786.92,1835.49,1777.91,1835.08,1945510000
2001-11-07,1821.04,1868.3101,1820.28,1837.53,2065810000
2001-11-08,1855.6801,1888.39,1816.5601,1827.77,2300720000
2001-11-09,1824.73,1838.38,1809.29,1828.48,1524360000
2001-11-12,1826.25,1848.0,1782.48,1840.13,1594470000
2001-11-13,1871.47,1893.92,1867.27,1892.11,2189000000
2001-11-14,1910.45,1922.45,1875.27,1903.1899,2175590000
2001-11-15,1891.36,1922.12,1882.84,1900.5699,2025550000
2001-11-16,1903.48,1908.21,1882.53,1898.58,1714140000
2001-11-19,1912.48,1934.7,1905.36,1934.42,1924900000
2001-11-20,1926.47,1930.21,1877.79,1880.51,1988580000
2001-11-21,1873.6,1884.49,1853.67,1875.05,1577590000
2001-11-23,1878.91,1905.58,1873.64,1903.2,569820000
2001-11-26,1914.53,1941.3101,1906.89,1941.23,1734130000
2001-11-27,1931.59,1965.09,1902.89,1935.97,2137420000
2001-11-28,1921.6,1941.79,1887.97,1887.97,1905150000
2001-11-29,1898.63,1933.46,1889.29,1933.26,1957120000
2001-11-30,1929.29,1941.9399,1916.73,1930.58,1831850000
2001-12-03,1915.13,1925.35,1898.98,1904.9,1496760000
2001-12-04,1917.66,1963.22,1913.92,1963.1,1908630000
2001-12-05,1980.3,2056.8101,1980.3,2046.84,2777500000
2001-12-06,2045.22,2065.6899,2037.64,2054.27,2212470000
2001-12-07,2043.6801,2046.99,2002.34,2021.26,1916720000
2001-12-10,2007.67,2036.54,1989.6801,1992.12,1679480000
2001-12-11,2009.9301,2032.63,1995.09,2001.9301,1965200000
2001-12-12,2007.48,2022.76,1975.65,2011.38,1895290000
2001-12-13,1979.84,1985.79,1945.29,1946.51,2095820000
2001-12-14,1945.1801,1965.74,1934.6,1953.17,1900020000
2001-12-17,1950.9399,1994.48,1950.9399,1987.45,1840920000
2001-12-18,1998.36,2010.91,1989.8101,2004.76,1852020000
2001-12-19,1981.65,2007.76,1971.0699,1982.89,1919850000
2001-12-20,1969.0,1972.3199,1918.5,1918.54,2043110000
2001-12-21,1941.55,1954.47,1931.87,1945.83,2359670000
2001-12-24,1946.84,1953.9,1942.0699,1944.48,564380000
2001-12-26,1948.77,1983.84,1948.77,1960.7,1127350000
2001-12-27,1967.3199,1982.73,1962.12,1976.42,1241060000
2001-12-28,1985.71,2002.72,1982.37,1987.26,1328290000
2001-12-31,1984.3101,1989.17,1950.4,1950.4,1414840000
2002-01-02,1965.1801,1979.26,1936.5601,1979.25,1517670000
2002-01-03,1987.0601,2044.5601,1987.0601,2044.27,2209630000
2002-01-04,2061.8301,2077.8899,2033.5601,2059.3799,2205610000
2002-01-07,2075.24,2081.0901,2036.86,2037.1,2121110000
2002-01-08,2039.42,2060.23,2027.34,2055.74,1873670000
2002-01-09,2074.3201,2098.8799,2034.09,2044.89,2321450000
2002-01-10,2045.13,2055.8899,2026.05,2047.24,1761640000
2002-01-11,2049.5,2058.77,2018.6801,2022.46,1625530000
2002-01-14,2012.59,2018.42,1979.9399,1990.74,1801650000
2002-01-15,1994.88,2011.25,1977.28,2000.91,1675150000
2002-01-16,1976.42,1981.8101,1944.3199,1944.4399,1917270000
2002-01-17,1968.7,1985.83,1954.0601,1985.8199,1893110000
2002-01-18,1943.5601,1964.74,1922.7,1930.34,1693010000
2002-01-22,1946.87,1947.41,1882.14,1882.53,1817220000
2002-01-23,1889.53,1925.15,1879.24,1922.38,1871120000
2002-01-24,1937.67,1959.9301,1936.34,1942.58,1907870000
2002-01-25,1929.15,1951.79,1923.0601,1937.7,1655310000
2002-01-28,1951.12,1958.96,1925.4301,1943.91,1482080000
2002-01-29,1947.09,1959.05,1883.49,1892.99,1875380000
2002-01-30,1897.73,1913.66,1851.49,1913.4399,2066970000
2002-01-31,1924.5601,1935.17,1906.9,1934.03,1803530000
2002-02-01,1928.83,1942.15,1901.21,1911.24,1710000000
2002-02-04,1907.58,1907.58,1849.13,1855.53,1779030000
2002-02-05,1844.62,1867.9399,1828.67,1838.52,2106870000
2002-02-06,1853.13,1853.13,1805.01,1812.71,2105480000
2002-02-07,1809.4301,1824.0699,1781.73,1782.11,1998300000
2002-02-08,1794.05,1818.88,1772.15,1818.88,1794710000
2002-02-11,1816.9399,1846.9301,1815.38,1846.66,1564830000
2002-02-12,1829.53,1852.22,1817.13,1834.21,1621680000
2002-02-13,1844.79,1862.42,1844.12,1859.16,1600740000
2002-02-14,1863.47,1877.74,1840.78,1843.37,1679410000
2002-02-15,1844.89,1847.0699,1801.67,1805.2,1624720000
2002-02-19,1790.9399,1791.01,1745.05,1750.61,1749170000
2002-02-20,1762.4301,1777.1801,1729.2,1775.5699,1918210000
2002-02-21,1763.8199,1769.37,1716.24,1716.24,1833750000
2002-02-22,1718.7,1736.48,1696.55,1724.54,1839340000
2002-02-25,1731.4301,1776.61,1730.91,1769.88,1666850000
2002-02-26,1777.54,1788.75,1750.36,1766.86,1670530000
2002-02-27,1783.29,1793.73,1741.48,1751.88,1823440000
2002-02-28,1759.33,1773.2,1728.65,1731.49,1935630000
2002-03-01,1745.49,1802.89,1742.08,1802.74,1902520000
2002-03-04,1799.6801,1859.72,1789.72,1859.3199,2297630000
2002-03-05,1854.71,1886.15,1849.75,1866.29,2074650000
2002-03-06,1859.28,1891.83,1841.3101,1890.4,1907080000
2002-03-07,1903.24,1910.7,1865.0601,1881.63,1898190000
2002-03-08,1908.09,1935.09,1908.09,1929.67,2059420000
2002-03-11,1919.73,1946.23,1905.9301,1929.49,1763950000
2002-03-12,1888.6801,1899.01,1879.42,1897.12,1750150000
2002-03-13,1879.97,1886.27,1858.45,1862.03,1664240000
2002-03-14,1863.1,1873.01,1851.38,1854.14,1492130000
2002-03-15,1854.34,1871.39,1845.9301,1868.3,1698800000
2002-03-18,1882.73,1893.26,1861.11,1877.0601,1547190000
2002-03-19,1881.13,1891.51,1873.17,1880.87,1521620000
2002-03-20,1860.28,1861.79,1832.87,1832.87,1554640000
2002-03-21,1835.21,1870.16,1825.99,1868.83,1601590000
2002-03-22,1865.1801,1873.3199,1848.15,1851.39,1504960000
2002-03-25,1855.65,1863.05,1812.42,1812.49,1429310000
2002-03-26,1808.87,1843.96,1807.47,1824.17,1662170000
2002-03-27,1817.22,1832.01,1811.64,1826.75,1624230000
2002-03-28,1836.25,1852.85,1833.33,1845.35,1664900000
2002-04-01,1834.59,1865.37,1817.25,1862.62,1554790000
2002-04-02,1836.03,1839.37,1804.4,1804.4,1701240000
2002-04-03,1809.59,1813.36,1770.61,1784.35,1704190000
2002-04-04,1776.53,1800.83,1770.16,1789.75,1731670000
2002-04-05,1796.92,1803.21,1769.95,1770.03,1508100000
2002-04-08,1741.1,1786.4,1733.84,1785.87,1599200000
2002-04-09,1789.14,1795.62,1742.4,1742.5699,1662760000
2002-04-10,1751.5699,1772.0,1733.6899,1767.0699,1965420000
2002-04-11,1757.01,1762.28,1724.15,1725.24,1707140000
2002-04-12,1738.96,1756.33,1728.52,1756.1899,1532480000
2002-04-15,1761.95,1769.04,1740.61,1753.78,1327230000
2002-04-16,1779.29,1816.91,1779.29,1816.79,1791490000
2002-04-17,1829.58,1832.01,1804.65,1810.67,1931060000
2002-04-18,1806.28,1818.79,1778.1,1802.4301,1866140000
2002-04-19,1816.35,1816.62,1795.27,1796.83,1681640000
2002-04-22,1779.1801,1779.1801,1747.65,1758.6801,1703120000
2002-04-23,1757.92,1762.9399,1723.9301,1730.29,1957900000
2002-04-24,1739.13,1746.52,1711.11,1713.34,1923230000
2002-04-25,1705.8,1724.01,1697.27,1713.7,1971760000
2002-04-26,1722.83,1728.52,1663.78,1663.89,1893790000
2002-04-29,1668.52,1678.5601,1640.97,1656.9301,1842550000
2002-04-30,1655.02,1697.03,1652.9301,1688.23,2091610000
2002-05-01,1683.76,1687.5601,1643.24,1677.53,2189110000
2002-05-02,1673.72,1695.0699,1640.8,1644.8199,2060340000
2002-05-03,1643.17,1643.87,1605.97,1613.03,1990950000
2002-05-06,1611.05,1622.83,1577.9301,1578.48,1776080000
2002-05-07,1589.58,1594.5699,1560.29,1573.8199,2139130000
2002-05-08,1625.73,1696.35,1625.73,1696.29,2403240000
2002-05-09,1684.4399,1692.58,1650.46,1650.49,1788460000
2002-05-10,1657.1801,1657.45,1599.64,1600.85,1839130000
2002-05-13,1611.26,1653.1,1602.6,1652.54,1648780000
2002-05-14,1694.15,1722.66,1691.42,1719.05,2603120000
2002-05-15,1705.45,1759.33,1694.34,1725.5601,2266100000
2002-05-16,1723.6899,1734.71,1713.8101,1730.4399,1644660000
2002-05-17,1745.17,1754.22,1723.0601,1741.39,1648910000
2002-05-20,1726.78,1726.89,1696.11,1701.59,1429300000
2002-05-21,1708.5699,1717.9301,1660.22,1664.1801,1660880000
2002-05-22,1654.34,1676.64,1643.96,1673.45,1734730000
2002-05-23,1678.42,1697.77,1651.89,1697.63,1762570000
2002-05-24,1680.66,1681.1,1658.78,1661.49,1210890000
2002-05-28,1670.35,1671.35,1632.75,1652.17,1319250000
2002-05-29,1639.27,1644.29,1624.3101,1624.39,1418900000
2002-05-30,1613.42,1637.65,1607.3,1631.92,1585850000
2002-05-31,1641.1,1651.47,1615.62,1615.73,1682430000
2002-06-03,1613.5,1621.5,1561.17,1562.5601,1623120000
2002-06-04,1559.25,1587.79,1548.3101,1578.12,1881400000
2002-06-05,1580.0601,1595.42,1563.55,1595.26,1632920000
2002-06-06,1583.65,1584.0601,1550.72,1554.88,1630260000
2002-06-07,1500.15,1549.17,1495.8101,1535.48,2111740000
2002-06-10,1536.98,1551.8,1526.96,1530.6899,1518260000
2002-06-11,1542.16,1547.5,1496.66,1497.1801,1697040000
2002-06-12,1491.36,1519.16,1474.5601,1519.12,2057320000
2002-06-13,1512.23,1526.41,1495.64,1496.88,1566910000
2002-06-14,1471.97,1507.01,1445.4399,1504.74,1827730000
2002-06-17,1519.65,1555.0699,1519.26,1553.29,1591840000
2002-06-18,1544.1899,1567.99,1542.77,1542.96,1589760000
2002-06-19,1531.05,1538.36,1496.08,1496.83,1726700000
2002-06-20,1494.8,1503.01,1461.59,1464.75,1709470000
2002-06-21,1456.61,1480.05,1435.85,1440.96,1962900000
2002-06-24,1429.5601,1476.5601,1414.6899,1460.34,2050610000
2002-06-25,1472.1899,1475.58,1419.25,1423.99,1880680000
2002-06-26,1379.87,1436.5699,1375.53,1429.33,2061740000
2002-06-27,1446.37,1459.41,1412.96,1459.2,1942590000
2002-06-28,1454.98,1486.25,1454.71,1463.21,2575240000
2002-07-01,1457.04,1459.84,1402.51,1403.8,2320650000
2002-07-02,1395.37,1396.25,1356.03,1357.8199,2722550000
2002-07-03,1348.61,1380.38,1336.0601,1380.17,2661060000
2002-07-05,1401.03,1448.66,1401.03,1448.36,1120960000
2002-07-08,1439.85,1452.5601,1401.28,1405.61,1708150000
2002-07-09,1405.37,1415.3101,1379.5699,1381.12,1704220000
2002-07-10,1396.67,1396.95,1345.22,1346.01,1846320000
2002-07-11,1339.65,1375.58,1323.59,1374.4301,2298330000
2002-07-12,1391.3,1402.45,1363.11,1373.5,2009340000
2002-07-15,1365.79,1382.7,1315.3,1382.62,2117700000
2002-07-16,1371.91,1407.59,1364.88,1375.26,2379260000
2002-07-17,1408.1,1426.28,1370.21,1397.25,2338390000
2002-07-18,1390.41,1395.29,1356.8,1356.95,1842360000
2002-07-19,1336.39,1350.21,1309.9399,1319.15,2396800000
2002-07-22,1309.84,1332.1,1272.46,1282.65,2014410000
2002-07-23,1287.59,1295.59,1228.88,1229.05,2238890000
2002-07-24,1203.88,1290.4,1192.42,1290.23,2167790000
2002-07-25,1277.16,1289.72,1220.9301,1240.08,2353210000
2002-07-26,1250.72,1264.67,1234.46,1262.12,1691540000
2002-07-29,1286.8101,1335.25,1286.54,1335.25,1944170000
2002-07-30,1322.99,1354.48,1313.49,1344.1899,1728270000
2002-07-31,1331.8199,1335.79,1307.01,1328.26,1633300000
2002-08-01,1322.47,1326.1,1276.88,1280.0,1548860000
2002-08-02,1279.1,1282.0601,1235.5699,1247.92,1419790000
2002-08-05,1243.38,1247.84,1205.6801,1206.01,1336720000
2002-08-06,1224.8,1279.5699,1224.8,1259.55,1535110000
2002-08-07,1290.23,1298.12,1243.49,1280.9,1542880000
2002-08-08,1278.34,1316.52,1263.3101,1316.52,1523000000
2002-08-09,1301.83,1322.0699,1290.77,1306.12,1313750000
2002-08-12,1293.88,1311.4301,1286.91,1306.84,1054220000
2002-08-13,1300.73,1324.4301,1268.99,1269.28,1570660000
2002-08-14,1273.9399,1334.3101,1265.1899,1334.3,1629290000
2002-08-15,1339.6,1350.92,1322.11,1345.01,1642850000
2002-08-16,1333.26,1368.6899,1325.99,1361.01,1389180000
2002-08-19,1362.29,1397.0601,1359.14,1394.54,1489490000
2002-08-20,1384.47,1389.84,1370.98,1376.59,1396290000
2002-08-21,1389.5601,1410.88,1378.09,1409.25,1508530000
2002-08-22,1410.75,1426.76,1398.83,1422.95,1654080000
2002-08-23,1411.75,1411.75,1377.64,1380.62,1365830000
2002-08-26,1387.2,1394.24,1360.4301,1391.74,1261360000
2002-08-27,1395.04,1396.4,1346.21,1347.78,1432360000
2002-08-28,1339.42,1340.01,1312.25,1314.38,1351500000
2002-08-29,1304.21,1345.37,1295.79,1335.77,1435190000
2002-08-30,1326.05,1337.92,1314.6899,1314.85,1089820000
2002-09-03,1302.67,1302.67,1263.23,1263.84,1394260000
2002-09-04,1268.65,1294.65,1261.0,1292.3101,1493510000
2002-09-05,1274.76,1274.76,1251.0,1251.0,1520290000
2002-09-06,1280.27,1304.02,1280.27,1295.3,1320380000
2002-09-09,1286.75,1310.33,1270.73,1304.6,1247540000
2002-09-10,1306.13,1322.4301,1299.53,1320.09,1441490000
2002-09-11,1328.35,1347.27,1314.96,1315.45,1075670000
2002-09-12,1305.72,1305.72,1279.09,1279.6801,1192760000
2002-09-13,1272.9399,1292.36,1270.59,1291.4,1265530000
2002-09-16,1286.85,1292.73,1267.6899,1275.88,1097330000
2002-09-17,1292.91,1298.5,1258.85,1259.9399,1500330000
2002-09-18,1244.52,1263.9,1233.08,1252.13,1570950000
2002-09-19,1233.9399,1242.91,1216.1899,1216.45,1521130000
2002-09-20,1229.47,1232.96,1216.24,1221.09,1796000000
2002-09-23,1209.13,1209.72,1177.41,1184.9301,1443330000
2002-09-24,1170.95,1200.45,1169.04,1182.17,1666020000
2002-09-25,1195.6,1227.23,1184.12,1222.29,1691640000
2002-09-26,1231.85,1239.62,1206.91,1221.61,1664160000
2002-09-27,1213.77,1235.08,1198.12,1199.16,1444460000
2002-09-30,1187.48,1190.74,1160.0699,1172.0601,1682900000
2002-10-01,1180.26,1214.01,1160.71,1213.72,1707860000
2002-10-02,1208.03,1222.72,1183.76,1187.3,1763700000
2002-10-03,1183.11,1197.96,1164.51,1165.5601,1647320000
2002-10-04,1174.58,1175.75,1135.27,1139.9,1587030000
2002-10-07,1135.79,1145.79,1113.36,1119.4,1409850000
2002-10-08,1129.8199,1144.13,1109.64,1129.22,1836990000
2002-10-09,1117.14,1135.89,1112.08,1114.11,1755730000
2002-10-10,1116.76,1165.83,1108.49,1163.37,1837940000
2002-10-11,1179.9,1220.12,1179.9,1210.47,1915390000
2002-10-14,1198.5,1221.6,1193.42,1220.53,1204240000
2002-10-15,1259.87,1282.74,1259.87,1282.4399,2009640000
2002-10-16,1239.54,1253.61,1229.0601,1232.42,1585220000
2002-10-17,1272.26,1283.21,1263.46,1272.29,1822740000
2002-10-18,1270.13,1288.08,1253.4399,1287.86,1665970000
2002-10-21,1276.76,1312.53,1267.76,1309.67,1572970000
2002-10-22,1285.54,1307.6,1280.66,1292.8,1723340000
2002-10-23,1288.24,1320.25,1279.46,1320.23,1598320000
2002-10-24,1325.08,1330.99,1296.54,1298.71,1944060000
2002-10-25,1297.33,1331.33,1297.17,1331.13,1470040000
2002-10-28,1345.72,1346.21,1310.63,1315.83,1636190000
2002-10-29,1313.14,1318.9301,1279.1899,1300.54,1598410000
2002-10-30,1307.49,1334.63,1300.55,1326.73,1675530000
2002-10-31,1330.73,1347.58,1323.09,1329.75,1761680000
2002-11-01,1320.95,1360.83,1313.72,1360.7,1842870000
2002-11-04,1394.5699,1420.03,1388.6801,1396.54,2372480000
2002-11-05,1386.87,1401.37,1379.33,1401.17,1704780000
2002-11-06,1408.22,1419.04,1386.52,1418.99,2189420000
2002-11-07,1397.54,1400.08,1371.47,1376.71,1758820000
2002-11-08,1376.37,1389.77,1354.28,1359.28,1603460000
2002-11-11,1355.1,1355.1,1319.0699,1319.1899,1267420000
2002-11-12,1328.08,1367.97,1328.08,1349.5601,1559650000
2002-11-13,1342.22,1371.74,1334.13,1361.33,1901380000
2002-11-14,1378.9399,1411.63,1378.9399,1411.52,1756210000
2002-11-15,1396.11,1413.53,1386.14,1411.14,1700890000
2002-11-18,1422.54,1425.42,1393.66,1393.6899,1766300000
2002-11-19,1387.11,1394.9301,1367.76,1374.51,1620330000
2002-11-20,1375.6899,1419.64,1375.41,1419.35,1771370000
2002-11-21,1431.13,1468.72,1430.08,1467.55,2441730000
2002-11-22,1453.05,1475.35,1449.5,1468.74,1960160000
2002-11-25,1470.64,1486.9399,1461.13,1481.9,1952400000
2002-11-26,1473.23,1478.73,1441.12,1444.4301,1927670000
2002-11-27,1463.27,1491.45,1462.62,1487.9399,1734500000
2002-11-29,1495.8101,1497.4399,1478.72,1478.78,841810000
2002-12-02,1507.9399,1521.4399,1474.59,1484.78,1925550000
2002-12-03,1474.6899,1474.6899,1445.23,1448.96,1651510000
2002-12-04,1427.05,1444.1801,1412.92,1430.35,1886070000
2002-12-05,1444.74,1445.95,1410.58,1410.75,1462340000
2002-12-06,1395.1801,1430.39,1391.1,1422.4399,1529800000
2002-12-09,1411.4,1411.4,1367.0699,1367.14,1496820000
2002-12-10,1374.5601,1397.84,1373.89,1390.76,1470250000
2002-12-11,1382.1,1407.15,1377.71,1396.59,1423880000
2002-12-12,1407.02,1411.6899,1388.51,1399.55,1408220000
2002-12-13,1387.71,1387.71,1362.42,1362.42,1371410000
2002-12-16,1367.74,1400.49,1365.66,1400.33,1406210000
2002-12-17,1396.33,1408.16,1385.37,1392.05,1336750000
2002-12-18,1380.63,1380.63,1355.55,1361.51,1529600000
2002-12-19,1358.61,1384.58,1346.1801,1354.1,1654540000
2002-12-20,1364.1899,1370.79,1358.8,1363.05,1992120000
2002-12-23,1359.92,1384.29,1358.29,1381.6899,1193060000
2002-12-24,1375.96,1382.9301,1372.38,1372.47,523880000
2002-12-26,1375.14,1392.58,1363.61,1367.89,812310000
2002-12-27,1363.64,1369.21,1346.65,1348.3101,804960000
2002-12-30,1349.4301,1353.38,1329.64,1339.54,1076580000
2002-12-31,1336.83,1345.11,1327.1899,1335.51,1166770000
2003-01-02,1346.9301,1384.91,1336.98,1384.85,1287540000
2003-01-03,1382.36,1389.4399,1374.61,1387.08,1149590000
2003-01-06,1390.1899,1428.65,1390.09,1421.3199,1567690000
2003-01-07,1424.26,1442.26,1416.23,1431.5699,1755760000
2003-01-08,1423.29,1424.12,1399.0601,1401.0699,1457010000
2003-01-09,1414.47,1445.09,1414.47,1438.46,1685990000
2003-01-10,1423.62,1457.45,1418.79,1447.72,1652320000
2003-01-13,1461.73,1467.35,1436.98,1446.04,1376040000
2003-01-14,1445.0699,1461.12,1442.63,1460.99,1329340000
2003-01-15,1461.04,1463.99,1435.29,1438.8,1513080000
2003-01-16,1440.5601,1449.13,1420.11,1423.75,1366550000
2003-01-17,1401.37,1401.37,1376.1801,1376.1899,1433840000
2003-01-21,1380.4301,1386.71,1364.25,1364.25,1355410000
2003-01-22,1361.01,1379.61,1358.23,1359.48,1477520000
2003-01-23,1377.5,1393.67,1365.11,1388.27,1566510000
2003-01-24,1382.35,1382.35,1340.22,1342.14,1568350000
2003-01-27,1329.8101,1349.83,1320.3199,1325.27,1440300000
2003-01-28,1335.4301,1346.5,1321.4399,1342.1801,1406660000
2003-01-29,1335.9,1363.3101,1320.35,1358.0601,1507590000
2003-01-30,1360.55,1363.08,1322.0601,1322.35,1446130000
2003-01-31,1308.1,1331.04,1303.64,1320.91,1554810000
2003-02-03,1324.74,1335.76,1318.0,1323.79,1256550000
2003-02-04,1310.48,1310.48,1292.2,1306.15,1368150000
2003-02-05,1314.67,1332.8199,1299.35,1301.5,1367130000
2003-02-06,1298.7,1310.51,1291.47,1301.73,1219320000
2003-02-07,1310.92,1314.52,1278.54,1282.47,1228850000
2003-02-10,1286.51,1298.5699,1275.1899,1296.6801,1216440000
2003-02-11,1301.54,1315.04,1285.77,1295.46,1296190000
2003-02-12,1292.08,1301.11,1278.74,1278.97,1231070000
2003-02-13,1280.92,1281.3199,1261.79,1277.4399,1310440000
2003-02-14,1283.41,1310.37,1279.66,1310.17,1315410000
2003-02-18,1319.99,1346.92,1319.52,1346.54,1303930000
2003-02-19,1343.37,1344.59,1322.12,1334.3199,1179700000
2003-02-20,1339.7,1344.29,1329.09,1331.23,1320410000
2003-02-21,1331.33,1352.0699,1316.04,1349.02,1342440000
2003-02-24,1342.5,1343.09,1321.4399,1322.38,1222480000
2003-02-25,1307.39,1331.35,1291.96,1328.98,1395960000
2003-02-26,1323.01,1331.47,1302.83,1303.6801,1207090000
2003-02-27,1312.13,1331.79,1305.5601,1323.9399,1238110000
2003-02-28,1327.87,1342.73,1325.15,1337.52,1354370000
2003-03-03,1344.21,1353.3101,1316.85,1320.29,1253490000
2003-03-04,1320.28,1321.89,1307.27,1307.77,1221830000
2003-03-05,1305.28,1317.6899,1302.05,1314.4,1360590000
2003-03-06,1306.0699,1312.61,1299.8101,1302.89,1262310000
2003-03-07,1285.3,1310.53,1280.72,1305.29,1436040000
2003-03-10,1295.46,1299.55,1277.1801,1278.37,1119970000
2003-03-11,1280.73,1288.99,1269.48,1271.47,1251740000
2003-03-12,1266.99,1279.59,1253.22,1279.24,1533600000
2003-03-13,1297.74,1340.78,1290.59,1340.77,1789080000
2003-03-14,1344.26,1352.84,1329.97,1340.33,1611050000
2003-03-17,1329.95,1392.41,1326.28,1392.27,1886510000
2003-03-18,1392.0,1400.55,1378.83,1400.55,1632220000
2003-03-19,1396.27,1401.24,1378.5699,1397.0699,1694670000
2003-03-20,1385.66,1411.41,1371.9,1402.77,1596740000
2003-03-21,1422.0601,1425.73,1403.15,1421.84,1911550000
2003-03-24,1390.04,1392.4,1368.37,1369.78,1317380000
2003-03-25,1374.21,1400.14,1369.3199,1391.01,1437240000
2003-03-26,1390.27,1397.9399,1383.35,1387.45,1418520000
2003-03-27,1375.9,1392.46,1369.3101,1384.25,1441300000
2003-03-28,1375.26,1384.8199,1367.89,1369.6,1364880000
2003-03-31,1351.61,1357.0,1336.61,1341.17,1596280000
2003-04-01,1347.54,1356.37,1338.23,1348.3,1412110000
2003-04-02,1374.71,1400.86,1374.71,1396.72,1609690000
2003-04-03,1404.99,1412.08,1389.95,1396.58,1445510000
2003-04-04,1400.97,1400.97,1378.22,1383.51,1366800000
2003-04-07,1425.23,1430.11,1389.51,1389.51,1516080000
2003-04-08,1388.53,1392.52,1376.6,1382.9399,1312770000
2003-04-09,1385.28,1393.37,1356.6,1356.74,1312000000
2003-04-10,1359.4301,1368.11,1351.1,1365.61,1235410000
2003-04-11,1379.48,1387.33,1353.74,1358.85,1237570000
2003-04-14,1361.35,1386.5,1359.3199,1384.95,1173640000
2003-04-15,1381.67,1394.03,1376.03,1391.01,1295900000
2003-04-16,1411.7,1418.52,1391.99,1394.72,1551600000
2003-04-17,1395.62,1425.5,1393.13,1425.5,1644000000
2003-04-21,1425.96,1432.08,1413.71,1424.37,1271170000
2003-04-22,1417.0,1452.34,1414.4,1451.36,1614310000
2003-04-23,1453.95,1468.08,1447.65,1466.16,1818020000
2003-04-24,1453.23,1465.92,1448.05,1457.23,1661540000
2003-04-25,1451.13,1452.17,1432.02,1434.54,1515730000
2003-04-28,1437.86,1465.4,1435.35,1462.24,1477750000
2003-04-29,1468.03,1482.49,1459.48,1471.3,1670600000
2003-04-30,1467.84,1472.6899,1459.04,1464.3101,1619230000
2003-05-01,1463.0,1478.85,1451.3199,1472.5601,1473860000
2003-05-02,1470.09,1504.22,1469.84,1502.88,1826120000
2003-05-05,1508.3101,1519.7,1502.66,1504.04,1932030000
2003-05-06,1503.42,1531.8199,1503.3101,1523.71,2139720000
2003-05-07,1513.48,1523.91,1503.0601,1506.76,1927720000
2003-05-08,1492.49,1504.04,1486.91,1489.6899,1619000000
2003-05-09,1500.65,1520.15,1500.1,1520.15,1545190000
2003-05-12,1518.52,1544.41,1512.72,1541.4,1796940000
2003-05-13,1533.14,1548.59,1529.5601,1539.6801,1856230000
2003-05-14,1545.88,1549.9399,1526.14,1534.9,1816790000
2003-05-15,1541.4301,1552.98,1536.03,1551.38,1982130000
2003-05-16,1544.84,1550.4399,1534.35,1538.53,1783450000
2003-05-19,1530.38,1536.04,1492.46,1492.77,1684210000
2003-05-20,1498.05,1505.1801,1480.13,1491.09,1699750000
2003-05-21,1488.27,1490.8199,1478.15,1489.87,1588960000
2003-05-22,1493.39,1512.8,1489.08,1507.55,1783870000
2003-05-23,1506.64,1514.49,1501.38,1510.09,1448770000
2003-05-27,1504.87,1558.28,1504.22,1556.6899,1932760000
2003-05-28,1560.11,1571.85,1553.7,1563.24,2042270000
2003-05-29,1565.38,1591.26,1564.14,1574.95,2228880000
2003-05-30,1583.23,1599.92,1582.52,1595.91,2314660000
2003-06-02,1612.1,1620.79,1586.48,1590.75,2517530000
2003-06-03,1589.72,1603.74,1584.7,1603.5601,2067880000
2003-06-04,1604.84,1638.5699,1603.17,1634.65,2515710000
2003-06-05,1620.79,1646.01,1613.99,1646.01,2449080000
2003-06-06,1670.03,1684.0601,1625.1801,1627.42,2962610000
2003-06-09,1623.0,1625.61,1597.3199,1603.97,1856700000
2003-06-10,1611.17,1627.77,1606.08,1627.67,1791650000
2003-06-11,1625.0,1647.5699,1612.22,1646.02,1932200000
2003-06-12,1653.05,1661.12,1640.12,1653.62,1790700000
2003-06-13,1656.61,1660.4301,1624.12,1626.49,1813140000
2003-06-16,1633.8,1667.77,1629.59,1666.58,1912560000
2003-06-17,1673.1,1674.09,1656.5699,1668.4399,1968630000
2003-06-18,1663.03,1685.04,1653.25,1677.14,2082080000
2003-06-19,1677.05,1686.1,1646.79,1648.64,1957720000
2003-06-20,1657.3101,1660.47,1638.9301,1644.72,1767110000
2003-06-23,1642.33,1643.21,1601.45,1610.75,1694940000
2003-06-24,1605.6899,1622.47,1598.25,1605.61,1619510000
2003-06-25,1608.5,1629.97,1600.28,1602.66,1563620000
2003-06-26,1611.3101,1636.15,1606.47,1634.01,1560860000
2003-06-27,1636.03,1653.74,1621.25,1625.26,1553940000
2003-06-30,1634.86,1643.6801,1621.4399,1622.8,1792820000
2003-07-01,1617.3,1641.77,1598.92,1640.13,1711820000
2003-07-02,1648.13,1678.77,1648.13,1678.73,1866650000
2003-07-03,1665.95,1683.77,1660.95,1663.46,944910000
2003-07-07,1685.41,1721.25,1685.41,1720.71,1836380000
2003-07-08,1715.99,1747.4399,1713.76,1746.46,2018490000
2003-07-09,1743.66,1758.1801,1735.3,1747.46,2113620000
2003-07-10,1731.35,1735.13,1707.49,1715.86,1733800000
2003-07-11,1720.98,1737.41,1720.98,1733.9301,1516880000
2003-07-14,1757.4301,1776.1,1748.88,1754.8199,1973180000
2003-07-15,1769.95,1771.78,1742.1,1753.21,1915630000
2003-07-16,1766.35,1767.9,1734.14,1747.97,1920560000
2003-07-17,1727.76,1729.59,1693.47,1698.02,1912680000
2003-07-18,1709.09,1714.84,1688.8199,1708.5,1602890000
2003-07-21,1706.15,1706.29,1675.1801,1681.41,1459310000
2003-07-22,1695.02,1710.34,1686.15,1706.1,1749720000
2003-07-23,1710.8199,1720.04,1695.2,1719.1801,1834980000
2003-07-24,1732.1899,1740.8,1700.29,1701.42,1901240000
2003-07-25,1703.58,1730.91,1685.89,1730.7,1587980000
2003-07-28,1734.6801,1740.59,1726.24,1735.36,1535820000
2003-07-29,1740.27,1744.6,1713.21,1731.37,1703800000
2003-07-30,1731.5699,1733.4,1717.0699,1720.91,1513760000
2003-07-31,1735.47,1757.37,1728.34,1735.02,1858470000
2003-08-01,1731.63,1733.14,1714.01,1715.62,1484040000
2003-08-04,1714.84,1723.27,1687.77,1714.0601,1573410000
2003-08-05,1710.6899,1711.11,1671.04,1673.5,1743380000
2003-08-06,1664.26,1675.46,1648.42,1652.6801,1862270000
2003-08-07,1651.46,1658.4301,1641.74,1652.1801,1638040000
2003-08-08,1659.0601,1662.78,1640.88,1644.03,1336330000
2003-08-11,1646.95,1668.0601,1646.59,1661.51,1203780000
2003-08-12,1666.61,1687.48,1660.66,1687.01,1329840000
2003-08-13,1693.36,1695.83,1681.3101,1686.61,1449200000
2003-08-14,1688.13,1700.34,1681.52,1700.34,1311570000
2003-08-15,1697.75,1705.33,1693.88,1702.01,703950000
2003-08-18,1707.17,1739.59,1706.9301,1739.49,1476310000
2003-08-19,1747.0,1761.63,1737.37,1761.11,1724390000
2003-08-20,1749.08,1768.52,1747.01,1760.54,1506760000
2003-08-21,1771.39,1783.64,1762.97,1777.55,1722470000
2003-08-22,1804.8101,1812.49,1765.3,1765.3199,1705200000
2003-08-25,1763.78,1768.12,1752.12,1764.3101,1117840000
2003-08-26,1756.08,1771.22,1737.15,1770.65,1382860000
2003-08-27,1767.78,1783.12,1764.63,1782.13,1349730000
2003-08-28,1787.77,1800.65,1772.98,1800.1801,1466510000
2003-08-29,1796.1,1813.8199,1794.83,1810.45,1206180000
2003-09-02,1817.92,1841.48,1804.3,1841.48,1773780000
2003-09-03,1852.47,1863.55,1846.51,1852.9,2333120000
2003-09-04,1853.12,1870.0,1848.95,1868.97,1886580000
2003-09-05,1861.29,1879.7,1850.6899,1858.24,1952040000
2003-09-08,1863.88,1888.65,1863.88,1888.62,2032940000
2003-09-09,1883.0,1886.27,1867.8101,1873.4301,2220160000
2003-09-10,1859.21,1859.21,1823.8101,1823.8101,2001600000
2003-09-11,1830.4399,1852.6,1819.42,1846.09,1748050000
2003-09-12,1833.97,1855.04,1821.98,1855.03,1713770000
2003-09-15,1857.12,1861.8101,1843.79,1845.7,1463950000
2003-09-16,1848.41,1887.87,1848.41,1887.25,1788770000
2003-09-17,1884.1801,1894.74,1876.24,1883.1,1903800000
2003-09-18,1880.91,1910.51,1874.3,1909.55,2011010000
2003-09-19,1913.74,1913.74,1895.9301,1905.7,1885000000
2003-09-22,1881.42,1881.42,1866.88,1874.62,1720080000
2003-09-23,1877.4399,1901.73,1875.15,1901.72,1868800000
2003-09-24,1903.8101,1904.13,1843.4301,1843.7,2207970000
2003-09-25,1849.39,1856.22,1817.2,1817.24,2033060000
2003-09-26,1816.75,1821.5699,1792.0601,1792.0699,1841530000
2003-09-29,1801.55,1824.59,1786.5699,1824.5601,1666930000
2003-09-30,1812.8101,1812.8101,1783.46,1786.9399,1864240000
2003-10-01,1797.0699,1832.25,1796.09,1832.25,1821740000
2003-10-02,1828.9399,1842.55,1823.64,1836.22,1604090000
2003-10-03,1864.54,1891.62,1864.54,1880.5699,2014580000
2003-10-06,1884.64,1894.22,1876.0,1893.46,1375810000
2003-10-07,1882.92,1907.88,1878.59,1907.85,1840280000
2003-10-08,1913.64,1914.33,1888.53,1893.78,1801870000
2003-10-09,1916.95,1936.9301,1899.21,1911.9,2083460000
2003-10-10,1915.52,1921.14,1905.49,1915.3101,1464990000
2003-10-13,1924.0601,1940.97,1921.96,1933.53,1498730000
2003-10-14,1929.52,1943.33,1922.8199,1943.1899,1757290000
2003-10-15,1966.38,1966.87,1933.03,1939.1,2017190000
2003-10-16,1931.99,1951.76,1930.28,1950.14,1765870000
2003-10-17,1947.2,1949.6899,1910.24,1912.36,1747150000
2003-10-20,1913.79,1925.16,1905.39,1925.14,1537390000
2003-10-21,1929.3101,1944.34,1922.78,1940.9,1735740000
2003-10-22,1923.33,1923.33,1897.36,1898.0699,1711460000
2003-10-23,1879.12,1893.2,1874.11,1885.51,1937090000
2003-10-24,1863.3199,1866.4301,1841.62,1865.59,1957040000
2003-10-27,1876.03,1890.66,1873.62,1882.91,1518680000
2003-10-28,1893.28,1932.26,1892.4301,1932.26,2076260000
2003-10-29,1925.61,1937.37,1923.5601,1936.5601,1968120000
2003-10-30,1955.59,1957.53,1929.77,1932.6899,2158840000
2003-10-31,1938.22,1942.6801,1928.67,1932.21,1833200000
2003-11-03,1941.3101,1969.26,1941.3101,1967.7,2089430000
2003-11-04,1961.45,1971.38,1953.64,1957.97,2081990000
2003-11-05,1957.0,1966.15,1938.22,1959.37,2018140000
2003-11-06,1971.27,1977.91,1953.34,1976.37,2141830000
2003-11-07,1986.5601,1992.27,1968.8101,1970.74,1957330000
2003-11-10,1972.1,1973.08,1939.73,1941.64,1750150000
2003-11-11,1938.85,1944.01,1923.5,1930.75,1637810000
2003-11-12,1935.97,1973.11,1935.86,1973.11,1837190000
2003-11-13,1964.4301,1970.4,1956.41,1967.35,1871860000
2003-11-14,1966.87,1977.79,1930.26,1930.26,1829730000
2003-11-17,1919.01,1919.23,1890.72,1909.61,1861100000
2003-11-18,1919.45,1926.0,1881.75,1881.75,1898710000
2003-11-19,1886.1801,1903.4301,1880.3101,1899.65,1798010000
2003-11-20,1886.63,1916.55,1880.91,1881.92,1799100000
2003-11-21,1891.84,1896.41,1878.0699,1893.88,1621590000
2003-11-24,1907.29,1947.14,1907.29,1947.14,1791020000
2003-11-25,1948.36,1956.2,1942.02,1943.04,1836350000
2003-11-26,1954.28,1960.3101,1930.63,1953.3101,1524790000
2003-11-28,1950.21,1963.0601,1950.21,1960.26,703800000
2003-12-01,1972.97,1989.8199,1968.54,1989.8199,1840020000
2003-12-02,1986.8,1996.08,1978.23,1980.0699,1802760000
2003-12-03,1989.14,2000.92,1960.13,1960.25,2241590000
2003-12-04,1966.92,1971.25,1942.67,1968.8,2114230000
2003-12-05,1949.26,1960.39,1935.58,1937.8199,1665920000
2003-12-08,1937.48,1948.9399,1926.9399,1948.85,1583730000
2003-12-09,1955.5,1956.97,1906.84,1908.3199,1813530000
2003-12-10,1912.24,1916.0,1887.46,1904.65,1946310000
2003-12-11,1904.48,1945.92,1903.9301,1942.3199,1807550000
2003-12-12,1947.26,1949.02,1931.1,1949.0,1457100000
2003-12-15,1978.77,1979.78,1918.26,1918.26,1815500000
2003-12-16,1918.0601,1927.09,1901.66,1924.29,1811430000
2003-12-17,1922.21,1926.0,1910.24,1921.33,1501340000
2003-12-18,1924.62,1957.6801,1924.62,1956.1801,1714080000
2003-12-19,1963.28,1963.28,1939.5601,1951.02,1844570000
2003-12-22,1946.1899,1958.74,1941.62,1955.8,1283590000
2003-12-23,1954.03,1974.78,1952.4399,1974.78,1321000000
2003-12-24,1969.71,1974.3101,1964.88,1969.23,642630000
2003-12-26,1970.37,1979.74,1970.37,1973.14,530810000
2003-12-29,1976.9301,2006.48,1976.9301,2006.48,1413210000
2003-12-30,2003.98,2010.13,1997.8199,2009.88,1544270000
2003-12-31,2010.64,2015.23,1996.62,2003.37,1775710000
2004-01-02,2011.08,2022.37,1999.77,2006.6801,1666780000
2004-01-05,2020.78,2047.36,2020.78,2047.36,2362910000
2004-01-06,2044.55,2061.54,2039.63,2057.3701,2273220000
2004-01-07,2056.75,2078.0901,2047.02,2077.6799,2294280000
2004-01-08,2089.6001,2100.25,2078.05,2100.25,2683950000
2004-01-09,2083.6399,2113.3301,2077.0901,2086.9199,2482760000
2004-01-12,2093.54,2112.52,2085.1499,2111.78,2284010000
2004-01-13,2113.1101,2114.9099,2080.29,2096.4399,2385700000
2004-01-14,2104.29,2111.73,2094.3201,2111.1299,2099970000
2004-01-15,2101.8601,2121.6101,2088.1001,2109.0801,2235590000
2004-01-16,2126.1201,2140.47,2119.3501,2140.46,2614390000
2004-01-20,2149.03,2149.8501,2130.2,2147.98,2574190000
2004-01-21,2139.3301,2150.1101,2120.2,2142.45,2421860000
2004-01-22,2146.3201,2152.1201,2119.01,2119.01,2353370000
2004-01-23,2124.76,2138.4099,2108.45,2123.8701,2253910000
2004-01-26,2120.5601,2153.8301,2115.3401,2153.8301,1946050000
2004-01-27,2148.05,2152.75,2116.04,2116.04,2151260000
2004-01-28,2125.02,2128.0,2073.1499,2077.3701,2319550000
2004-01-29,2085.54,2087.3301,2041.0699,2068.23,2637760000
2004-01-30,2068.3601,2078.8799,2058.54,2066.1499,1931180000
2004-02-02,2072.1299,2085.49,2053.79,2063.1499,1915680000
2004-02-03,2061.28,2071.4399,2057.3301,2066.21,1844840000
2004-02-04,2042.83,2044.6801,2013.92,2014.14,2267580000
2004-02-05,2024.48,2031.39,2012.79,2019.5601,1956030000
2004-02-06,2025.96,2064.01,2025.91,2064.01,1855510000
2004-02-09,2069.29,2074.27,2060.4399,2060.5701,1745350000
2004-02-10,2061.1001,2075.3301,2060.4399,2075.3301,1656760000
2004-02-11,2072.8999,2089.6599,2064.77,2089.6599,2185700000
2004-02-12,2084.02,2091.22,2072.0601,2073.6101,1937690000
2004-02-13,2080.1699,2085.71,2049.76,2053.5601,1818020000
2004-02-17,2068.4199,2084.72,2068.01,2080.3501,1618060000
2004-02-18,2084.23,2088.51,2072.1899,2076.47,1781240000
2004-02-19,2091.71,2094.9199,2045.96,2045.96,2065540000
2004-02-20,2052.1299,2052.3601,2022.79,2037.9301,1914330000
2004-02-23,2044.41,2045.1,1999.59,2007.52,1953330000
2004-02-24,2000.75,2018.0699,1991.05,2005.4399,2069420000
2004-02-25,2010.59,2024.2,2007.73,2022.98,1707140000
2004-02-26,2018.91,2037.17,2012.83,2032.5699,1752840000
2004-02-27,2036.67,2044.77,2018.83,2029.8199,1871780000
2004-03-01,2036.92,2057.8,2032.64,2057.8,1697920000
2004-03-02,2056.3799,2064.3999,2039.65,2039.65,1871950000
2004-03-03,2037.11,2039.3101,2020.29,2033.36,1814850000
2004-03-04,2034.73,2055.1201,2031.84,2055.1101,1799070000
2004-03-05,2037.33,2069.02,2034.1801,2047.63,2045230000
2004-03-08,2052.0701,2058.25,2008.78,2008.78,2044260000
2004-03-09,2008.75,2011.83,1987.29,1995.16,2105450000
2004-03-10,1997.11,2007.25,1963.13,1964.15,2159820000
2004-03-11,1953.59,1982.58,1943.89,1943.89,2191370000
2004-03-12,1961.0,1984.73,1959.49,1984.73,1707130000
2004-03-15,1977.78,1977.78,1939.2,1939.2,1723290000
2004-03-16,1952.78,1961.99,1927.6899,1943.09,1963640000
2004-03-17,1956.52,1980.3101,1956.52,1976.76,1678770000
2004-03-18,1971.26,1972.3101,1947.5601,1962.4399,1677760000
2004-03-19,1964.97,1970.15,1940.47,1940.47,1645680000
2004-03-22,1929.02,1929.28,1897.63,1909.9,1982240000
2004-03-23,1923.23,1928.61,1898.9399,1901.8,1835180000
2004-03-24,1908.04,1922.51,1896.91,1909.48,1839440000
2004-03-25,1923.22,1967.17,1923.22,1967.17,1968620000
2004-03-26,1963.52,1976.76,1960.02,1960.02,1579820000
2004-03-29,1975.4301,1996.23,1975.4301,1992.5699,1706000000
2004-03-30,1985.67,2000.6801,1981.4399,2000.63,1598550000
2004-03-31,2001.09,2004.0,1985.04,1994.22,1861460000
2004-04-01,1996.45,2019.09,1996.45,2015.01,1833430000
2004-04-02,2046.05,2057.1699,2037.1899,2057.1699,2183740000
2004-04-05,2055.99,2079.1201,2054.3401,2079.1201,1736300000
2004-04-06,2064.1299,2068.27,2053.3201,2059.8999,1811100000
2004-04-07,2055.6101,2060.4399,2038.74,2050.24,1774960000
2004-04-08,2074.5801,2075.3301,2046.1,2052.8799,1694140000
2004-04-12,2057.6399,2069.45,2057.6399,2065.48,1501360000
2004-04-13,2072.95,2073.4199,2026.2,2030.08,1953240000
2004-04-14,2018.36,2040.15,2013.98,2024.85,1832200000
2004-04-15,2026.52,2031.84,1989.21,2002.17,1956010000
2004-04-16,2002.4301,2007.17,1982.14,1995.74,1870420000
2004-04-19,1995.37,2020.45,1991.14,2020.4301,1672830000
2004-04-20,2022.62,2032.41,1978.63,1978.63,1921740000
2004-04-21,1987.22,1995.91,1973.25,1995.63,2053970000
2004-04-22,1992.65,2035.39,1991.47,2032.91,2147870000
2004-04-23,2045.92,2051.75,2034.48,2049.77,1927300000
2004-04-26,2052.25,2059.0801,2031.75,2036.77,1727680000
2004-04-27,2040.53,2053.5701,2027.64,2032.53,1971610000
2004-04-28,2026.4399,2026.4399,1985.54,1989.54,2037420000
2004-04-29,1987.48,1998.5,1946.1,1958.78,2371070000
2004-04-30,1962.49,1965.89,1919.39,1920.15,2174730000
2004-05-03,1928.72,1954.62,1926.09,1938.72,1932490000
2004-05-04,1942.37,1969.97,1933.6,1950.48,1857530000
2004-05-05,1954.99,1967.33,1948.51,1957.26,1586660000
2004-05-06,1945.87,1949.55,1923.3,1937.74,1750770000
2004-05-07,1931.86,1957.24,1917.96,1917.96,1637090000
2004-05-10,1904.73,1907.98,1880.3199,1896.0699,1895630000
2004-05-11,1909.5,1931.48,1909.5,1931.35,1645220000
2004-05-12,1924.3199,1927.23,1878.77,1925.59,1887780000
2004-05-13,1918.63,1937.87,1914.1,1926.03,1558620000
2004-05-14,1922.47,1927.25,1897.5699,1904.25,1526360000
2004-05-17,1881.0601,1887.74,1865.4,1876.64,1528890000
2004-05-18,1892.29,1903.39,1890.95,1897.8199,1435100000
2004-05-19,1917.58,1936.04,1898.16,1898.17,1834960000
2004-05-20,1902.78,1912.02,1890.1801,1896.59,1540900000
2004-05-21,1910.04,1918.08,1899.85,1912.09,1376620000
2004-05-24,1924.87,1934.41,1915.5601,1922.98,1422080000
2004-05-25,1920.9399,1966.6801,1913.73,1964.65,1770600000
2004-05-26,1961.16,1976.16,1957.58,1976.15,1591030000
2004-05-27,1982.77,1991.87,1969.04,1984.5,1641260000
2004-05-28,1985.54,1990.8101,1976.7,1986.74,1233190000
2004-06-01,1978.52,1991.29,1972.71,1990.77,1459030000
2004-06-02,1995.1801,1998.3199,1978.71,1988.98,1520120000
2004-06-03,1983.86,1983.86,1960.26,1960.26,1526670000
2004-06-04,1982.65,1995.5,1978.04,1978.62,1417600000
2004-06-07,1991.67,2020.62,1991.42,2020.62,1485300000
2004-06-08,2010.72,2023.54,2008.3,2023.53,1464790000
2004-06-09,2015.04,2019.22,1989.99,1990.61,1520200000
2004-06-10,1996.8,2000.99,1988.89,1999.87,1345640000
2004-06-14,1987.75,1987.83,1963.48,1969.99,1402630000
2004-06-15,1982.41,2006.58,1982.41,1995.6,1527280000
2004-06-16,1997.1,2002.0699,1990.5699,1998.23,1353130000
2004-06-17,1993.6899,1993.9301,1976.25,1983.67,1449920000
2004-06-18,1977.77,2000.41,1973.91,1986.73,1697770000
2004-06-21,1990.8199,1995.0601,1972.4301,1974.38,1363000000
2004-06-22,1975.51,1994.87,1964.53,1994.15,1660890000
2004-06-23,1992.05,2023.23,1990.78,2020.98,1803560000
2004-06-24,2020.11,2032.21,2013.78,2015.5699,1685690000
2004-06-25,2016.74,2033.87,2015.5699,2025.47,1972100000
2004-06-28,2038.98,2039.9301,2013.73,2019.8199,1611080000
2004-06-29,2017.35,2037.6,2017.35,2034.9301,1581530000
2004-06-30,2038.34,2055.6499,2031.88,2047.79,1754160000
2004-07-01,2045.53,2045.53,2006.67,2015.55,1739310000
2004-07-02,2014.09,2014.74,1996.61,2006.66,1200230000
2004-07-06,1994.7,1995.4,1958.6899,1963.4301,1927550000
2004-07-07,1961.22,1976.92,1960.78,1966.08,1762310000
2004-07-08,1951.79,1964.48,1934.5699,1935.3199,1789150000
2004-07-09,1946.49,1961.11,1940.22,1946.33,1388750000
2004-07-12,1936.17,1941.24,1921.4,1936.92,1504000000
2004-07-13,1940.3101,1945.17,1930.59,1931.66,1499660000
2004-07-14,1913.73,1937.6801,1908.98,1914.88,1461800000
2004-07-15,1920.14,1925.76,1910.13,1912.71,1669940000
2004-07-16,1926.1899,1926.1899,1882.9301,1883.15,2099400000
2004-07-19,1889.0601,1893.8,1870.14,1883.83,1774620000
2004-07-20,1886.6899,1917.0699,1885.8,1917.0699,1628240000
2004-07-21,1933.02,1933.03,1874.37,1874.37,2109750000
2004-07-22,1872.4301,1892.98,1853.58,1889.0601,1964570000
2004-07-23,1874.46,1874.46,1846.55,1849.09,1697910000
2004-07-26,1852.42,1860.12,1829.0601,1839.02,1667060000
2004-07-27,1844.28,1872.17,1843.04,1869.1,1769400000
2004-07-28,1861.37,1869.0,1832.12,1858.26,1847380000
2004-07-29,1871.54,1885.01,1867.62,1881.0601,1703350000
2004-07-30,1878.54,1896.3101,1876.3101,1887.36,1507320000
2004-08-02,1874.9301,1893.13,1869.66,1892.09,1533970000
2004-08-03,1887.14,1887.5699,1859.17,1859.42,1494480000
2004-08-04,1850.78,1864.8,1842.2,1855.0601,1659390000
2004-08-05,1856.99,1859.77,1820.21,1821.63,1574660000
2004-08-06,1805.95,1806.28,1775.5699,1776.89,1692260000
2004-08-09,1782.35,1787.4399,1774.48,1774.64,1263490000
2004-08-10,1782.3,1808.7,1782.26,1808.7,1468460000
2004-08-11,1778.4301,1786.65,1760.5,1782.42,1794260000
2004-08-12,1770.6801,1774.6801,1751.95,1752.49,1632660000
2004-08-13,1762.46,1768.63,1750.8199,1757.22,1347750000
2004-08-16,1759.58,1789.49,1759.58,1782.84,1289730000
2004-08-17,1792.26,1804.59,1791.95,1795.25,1390280000
2004-08-18,1787.66,1831.37,1784.6,1831.37,1575050000
2004-08-19,1825.91,1829.13,1811.6801,1819.89,1416730000
2004-08-20,1819.54,1843.12,1815.92,1838.02,1342650000
2004-08-23,1843.79,1848.12,1835.11,1838.7,1224660000
2004-08-24,1846.9301,1850.29,1828.51,1836.89,1301090000
2004-08-25,1836.72,1861.79,1830.3,1860.72,1320640000
2004-08-26,1855.77,1860.39,1848.88,1852.92,1183830000
2004-08-27,1855.03,1866.25,1854.77,1862.09,1011070000
2004-08-30,1855.78,1855.78,1836.47,1836.49,1007640000
2004-08-31,1837.54,1842.15,1819.62,1838.1,1298910000
2004-09-01,1833.37,1859.4399,1833.33,1850.41,1426350000
2004-09-02,1848.03,1876.24,1846.95,1873.4301,1208770000
2004-09-03,1857.61,1867.46,1840.9399,1844.48,1244610000
2004-09-07,1856.0,1865.4301,1847.48,1858.5601,1320700000
2004-09-08,1855.25,1870.04,1850.05,1850.64,1442540000
2004-09-09,1858.51,1875.39,1849.37,1869.65,1663790000
2004-09-10,1870.33,1895.78,1863.46,1894.3101,1606650000
2004-09-13,1900.17,1919.21,1897.73,1910.38,1741080000
2004-09-14,1909.2,1917.74,1901.77,1915.4,1509260000
2004-09-15,1908.38,1908.38,1892.08,1896.52,1575500000
2004-09-16,1898.83,1914.38,1898.36,1904.08,1325500000
2004-09-17,1907.01,1911.0,1896.67,1910.09,1640370000
2004-09-20,1903.02,1921.5,1900.24,1908.0699,1565540000
2004-09-21,1913.13,1925.85,1909.4301,1921.1801,1531560000
2004-09-22,1910.23,1910.23,1884.85,1885.71,1588290000
2004-09-23,1887.02,1894.67,1883.3199,1886.4301,1396810000
2004-09-24,1888.89,1897.42,1879.48,1879.48,1360090000
2004-09-27,1871.16,1871.9399,1858.88,1859.88,1316790000
2004-09-28,1865.88,1873.86,1852.59,1869.87,1536980000
2004-09-29,1870.61,1894.0601,1869.95,1893.9399,1637280000
2004-09-30,1892.6,1902.25,1887.6801,1896.84,1656620000
2004-10-01,1909.59,1942.23,1908.5699,1942.2,1820300000
2004-10-04,1954.59,1965.76,1950.17,1952.4,1854970000
2004-10-05,1950.23,1960.9,1946.86,1955.5,1709600000
2004-10-06,1953.91,1971.04,1947.24,1971.03,1922870000
2004-10-07,1967.37,1970.26,1948.03,1948.52,1734970000
2004-10-08,1940.67,1949.34,1917.72,1919.97,1668940000
2004-10-11,1924.41,1930.66,1920.76,1928.76,1173820000
2004-10-12,1913.7,1929.98,1904.11,1925.17,1508390000
2004-10-13,1944.96,1948.01,1914.46,1920.53,1776120000
2004-10-14,1920.58,1921.8199,1900.77,1903.02,1590290000
2004-10-15,1907.9301,1923.92,1899.33,1911.5,1648280000
2004-10-18,1909.78,1936.52,1904.5,1936.52,1505000000
2004-10-19,1944.41,1952.85,1922.6,1922.9,1713330000
2004-10-20,1920.0601,1934.3199,1910.83,1932.97,1650470000
2004-10-21,1940.11,1957.48,1933.0,1953.62,2006000000
2004-10-22,1952.36,1952.54,1914.39,1915.14,1737960000
2004-10-25,1911.08,1920.71,1905.91,1914.04,1603830000
2004-10-26,1915.15,1928.8,1905.49,1928.79,1812550000
2004-10-27,1928.0,1971.28,1926.25,1969.99,2075920000
2004-10-28,1963.36,1980.36,1959.5699,1975.74,1821820000
2004-10-29,1974.55,1984.1801,1963.83,1974.99,1639950000
2004-11-01,1975.48,1983.91,1969.3199,1979.87,1522820000
2004-11-02,1981.47,2002.9301,1978.64,1984.79,1845080000
2004-11-03,2014.45,2020.03,1992.7,2004.33,1957400000
2004-11-04,1998.15,2023.72,1992.0699,2023.63,1823490000
2004-11-05,2035.04,2046.92,2025.63,2038.9399,1908970000
2004-11-08,2038.22,2044.53,2033.79,2039.25,1609270000
2004-11-09,2039.03,2049.77,2034.41,2043.33,1692200000
2004-11-10,2039.58,2047.25,2032.37,2034.5601,1853460000
2004-11-11,2041.34,2061.3999,2039.74,2061.27,1764760000
2004-11-12,2065.3201,2085.3401,2056.4099,2085.3401,2004310000
2004-11-15,2082.5901,2094.1299,2078.8401,2094.0901,1888260000
2004-11-16,2087.0701,2087.3,2073.3501,2078.6201,1901080000
2004-11-17,2090.9399,2112.1799,2090.72,2099.6799,2223370000
2004-11-18,2096.1899,2105.3899,2089.48,2104.28,1915430000
2004-11-19,2100.45,2102.6001,2070.6299,2070.6299,2033710000
2004-11-22,2066.3401,2085.1899,2052.8,2085.1899,1897960000
2004-11-23,2082.47,2092.02,2068.98,2084.28,2057620000
2004-11-24,2091.79,2103.8,2090.2,2102.54,1638170000
2004-11-26,2101.8101,2110.3799,2101.8101,2101.97,667760000
2004-11-29,2110.9099,2117.8899,2090.3501,2106.8701,1844330000
2004-11-30,2104.6699,2107.45,2096.8101,2096.8101,1878760000
2004-12-01,2104.5801,2138.3201,2104.5801,2138.23,2281640000
2004-12-02,2133.95,2156.1399,2131.6499,2143.5701,2401610000
2004-12-03,2153.29,2164.6299,2145.72,2147.96,2410930000
2004-12-06,2145.4299,2157.4299,2138.21,2151.25,2150250000
2004-12-07,2154.1299,2161.3,2114.6499,2114.6599,2671520000
2004-12-08,2118.1399,2130.76,2110.5701,2126.1101,2390860000
2004-12-09,2109.55,2134.23,2097.8601,2129.01,2284150000
2004-12-10,2121.1499,2134.6001,2120.3301,2128.0701,1794840000
2004-12-13,2141.2,2148.5,2132.1899,2148.5,2070980000
2004-12-14,2145.05,2163.5,2145.05,2159.8401,2228670000
2004-12-15,2159.6799,2171.27,2151.3101,2162.55,2337590000
2004-12-16,2159.96,2164.8,2138.8101,2146.1499,2396220000
2004-12-17,2142.71,2150.8501,2135.05,2135.2,2423080000
2004-12-20,2142.21,2154.48,2124.22,2127.8501,1991460000
2004-12-21,2134.75,2151.71,2133.3401,2150.9099,1972860000
2004-12-22,2145.99,2163.48,2145.1799,2157.03,1802760000
2004-12-23,2153.3101,2168.78,2153.3101,2160.6201,1430770000
2004-12-27,2168.8201,2171.9399,2147.5901,2154.22,1478700000
2004-12-28,2156.75,2177.1899,2156.53,2177.1899,1587550000
2004-12-29,2170.99,2182.3301,2170.99,2177.0,1503880000
2004-12-30,2177.47,2182.3701,2176.3999,2178.3401,1403140000
2004-12-31,2178.98,2185.5601,2174.6299,2175.4399,1366460000
2005-01-03,2184.75,2191.6001,2148.72,2152.1499,2193130000
2005-01-04,2158.3101,2159.6399,2100.5601,2107.8601,2690460000
2005-01-05,2102.8999,2116.75,2091.24,2091.24,2375380000
2005-01-06,2098.51,2103.8999,2088.03,2090.0,2174220000
2005-01-07,2099.95,2103.3899,2076.6899,2088.6101,2191910000
2005-01-10,2087.6201,2111.4299,2086.6599,2097.04,2098270000
2005-01-11,2089.0701,2090.6201,2072.6201,2079.6201,2210240000
2005-01-12,2089.7,2093.4399,2066.79,2092.53,2257670000
2005-01-13,2093.54,2094.8,2067.9399,2070.5601,2111610000
2005-01-14,2079.47,2088.5801,2075.47,2087.9099,2084860000
2005-01-18,2081.8601,2106.1899,2078.04,2106.04,1983840000
2005-01-19,2105.74,2105.8401,2072.2,2073.5901,2217700000
2005-01-20,2056.3799,2065.5901,2045.88,2045.88,2231360000
2005-01-21,2053.1499,2058.0,2032.88,2034.27,2043770000
2005-01-24,2040.13,2043.97,2008.6801,2008.7,2134680000
2005-01-25,2022.08,2037.1801,2017.58,2019.95,2003630000
2005-01-26,2034.6899,2049.3401,2028.1899,2046.09,2105070000
2005-01-27,2042.77,2053.9399,2036.09,2047.15,2106220000
2005-01-28,2052.54,2055.1299,2024.36,2035.83,2098150000
2005-01-31,2053.47,2063.1799,2053.47,2062.4099,1823800000
2005-02-01,2063.27,2071.52,2058.6599,2068.7,1904570000
2005-02-02,2074.0601,2079.5801,2064.2,2075.0601,1965550000
2005-02-03,2065.4399,2066.9299,2049.25,2057.6399,1962750000
2005-02-04,2056.47,2086.72,2056.29,2086.6599,1941510000
2005-02-07,2086.55,2091.1699,2075.4099,2082.03,1698460000
2005-02-08,2082.1101,2095.6399,2080.4199,2086.6799,1943560000
2005-02-09,2088.52,2089.3799,2051.0,2052.55,1958810000
2005-02-10,2058.53,2059.6499,2040.04,2053.1001,2085500000
2005-02-11,2048.96,2081.48,2039.72,2076.6599,2163630000
2005-02-14,2076.75,2085.1201,2074.8101,2082.9099,1639640000
2005-02-15,2083.6399,2103.45,2081.46,2089.21,2071590000
2005-02-16,2082.46,2093.3701,2079.3701,2087.4299,1865070000
2005-02-17,2088.6699,2093.6799,2061.3401,2061.3401,1950460000
2005-02-18,2065.1499,2068.8899,2056.2,2058.6201,1614160000
2005-02-22,2046.1801,2064.6699,2030.17,2030.3199,2056220000
2005-02-23,2039.55,2040.84,2024.64,2031.25,1878450000
2005-02-24,2028.4301,2051.8101,2023.0,2051.7,2031880000
2005-02-25,2050.49,2065.3999,2047.23,2065.3999,1771200000
2005-02-28,2058.28,2066.53,2038.77,2051.72,2130140000
2005-03-01,2057.47,2073.74,2057.1899,2071.25,1941180000
2005-03-02,2060.3,2084.1499,2057.22,2067.5,2004470000
2005-03-03,2073.3301,2074.71,2047.92,2058.3999,1895880000
2005-03-04,2071.1499,2078.1399,2064.9299,2070.6101,1829190000
2005-03-07,2073.8999,2100.5701,2073.8201,2090.21,1949190000
2005-03-08,2087.1101,2095.74,2072.5901,2073.55,1696700000
2005-03-09,2070.8501,2079.3701,2060.23,2061.29,1895520000
2005-03-10,2065.0901,2067.21,2042.02,2059.72,1825790000
2005-03-11,2063.5601,2069.3999,2036.41,2041.6,1792090000
2005-03-14,2043.64,2051.04,2037.41,2051.04,1707720000
2005-03-15,2057.1699,2059.0701,2034.41,2034.98,1838790000
2005-03-16,2028.29,2037.96,2011.67,2015.75,1969690000
2005-03-17,2016.91,2023.67,2010.52,2016.42,1745120000
2005-03-18,2018.41,2020.4,1999.98,2007.79,2106980000
2005-03-21,2008.16,2011.39,1993.76,2007.51,1611000000
2005-03-22,2007.72,2017.66,1988.86,1989.34,1805950000
2005-03-23,1985.49,1999.4301,1985.22,1990.22,1741150000
2005-03-24,1997.48,2008.63,1991.0601,1991.0601,1697930000
2005-03-28,1998.76,2005.49,1992.52,1992.52,1487620000
2005-03-29,1990.27,2002.65,1968.58,1973.88,1797840000
2005-03-30,1980.0699,2005.67,1980.0699,2005.67,1753610000
2005-03-31,2005.71,2006.62,1994.8,1999.23,1686970000
2005-04-01,2009.09,2014.73,1982.1899,1984.8101,1869690000
2005-04-04,1983.8101,1995.8,1972.0699,1991.0699,1589310000
2005-04-05,1994.38,2002.35,1991.88,1999.3199,1647510000
2005-04-06,2004.25,2017.08,1996.91,1999.14,1746400000
2005-04-07,1999.61,2018.79,1998.14,2018.79,1714270000
2005-04-08,2018.42,2021.8199,1999.33,1999.35,1516340000
2005-04-11,2004.16,2006.24,1991.21,1992.12,1382490000
2005-04-12,1988.33,2007.24,1970.01,2005.4,1931870000
2005-04-13,2000.46,2001.3,1972.1,1974.37,1705450000
2005-04-14,1974.1801,1975.42,1946.58,1946.71,1930060000
2005-04-15,1932.96,1940.15,1906.71,1908.15,2314620000
2005-04-18,1906.4301,1921.6899,1904.27,1912.92,1840360000
2005-04-19,1922.8199,1933.21,1918.15,1932.36,1792830000
2005-04-20,1944.64,1945.6,1912.35,1913.76,2004950000
2005-04-21,1931.85,1962.41,1928.52,1962.41,1951490000
2005-04-22,1953.58,1953.77,1921.38,1932.1899,1802730000
2005-04-25,1942.02,1954.87,1938.45,1950.78,1442420000
2005-04-26,1943.75,1958.58,1927.4399,1927.4399,1670040000
2005-04-27,1919.42,1937.15,1913.14,1930.4301,1764210000
2005-04-28,1922.03,1927.3101,1904.08,1904.1801,1861340000
2005-04-29,1917.64,1921.77,1889.83,1921.65,2039550000
2005-05-02,1923.23,1933.42,1916.03,1928.65,1547750000
2005-05-03,1924.78,1944.53,1924.78,1933.0699,1868140000
2005-05-04,1937.79,1963.26,1935.24,1962.23,1877820000
2005-05-05,1960.38,1969.29,1951.49,1961.8,1719880000
2005-05-06,1972.66,1973.5,1960.76,1967.35,1511120000
2005-05-09,1967.74,1979.67,1960.27,1979.67,1441010000
2005-05-10,1968.08,1971.25,1957.29,1962.77,1595520000
2005-05-11,1966.0601,1972.52,1943.89,1971.55,1716160000
2005-05-12,1970.8,1982.2,1956.45,1963.88,1783430000
2005-05-13,1978.28,1990.0,1964.77,1976.78,1878980000
2005-05-16,1976.38,1994.47,1973.67,1994.4301,1390290000
2005-05-17,1986.16,2004.15,1980.9399,2004.15,1520510000
2005-05-18,2008.63,2034.3,2007.2,2030.65,1957880000
2005-05-19,2032.09,2042.6801,2030.05,2042.58,1700580000
2005-05-20,2040.63,2046.42,2033.35,2046.42,1492720000
2005-05-23,2045.6899,2062.95,2045.6899,2056.6499,1620130000
2005-05-24,2052.28,2062.52,2049.77,2061.6201,1695940000
2005-05-25,2055.78,2055.78,2041.95,2050.1201,1493000000
2005-05-26,2057.99,2072.54,2057.8,2071.24,1596460000
2005-05-27,2068.53,2076.8,2064.99,2075.73,1237350000
2005-05-31,2073.9199,2076.01,2065.02,2068.22,1578740000
2005-06-01,2067.23,2095.54,2067.23,2087.8601,1779710000
2005-06-02,2081.6899,2097.8,2081.6899,2097.8,1746620000
2005-06-03,2094.1799,2095.99,2069.1699,2071.4299,1637900000
2005-06-06,2072.3601,2078.6101,2066.3601,2075.76,1477150000
2005-06-07,2079.0601,2095.96,2067.1399,2067.1599,1846530000
2005-06-08,2073.21,2074.6101,2057.5801,2060.1799,1602540000
2005-06-09,2059.5801,2077.47,2052.96,2076.9099,1666670000
2005-06-10,2076.25,2076.25,2055.9399,2063.0,1449380000
2005-06-13,2059.96,2078.26,2058.72,2068.96,1432130000
2005-06-14,2068.04,2074.78,2064.0801,2069.04,1405850000
2005-06-15,2076.73,2079.1299,2053.3899,2074.9199,1672670000
2005-06-16,2076.27,2089.51,2073.29,2089.1499,1793020000
2005-06-17,2098.3301,2098.53,2085.24,2090.1101,1993280000
2005-06-20,2081.05,2096.77,2076.4199,2088.1299,1408110000
2005-06-21,2087.6299,2095.6899,2083.5901,2091.0701,1557480000
2005-06-22,2097.05,2102.75,2083.76,2092.03,1668440000
2005-06-23,2093.9099,2106.5701,2070.5701,2070.6599,2009480000
2005-06-24,2070.3301,2071.52,2050.76,2053.27,2151000000
2005-06-27,2050.3,2054.47,2039.6899,2045.2,1448300000
2005-06-28,2051.77,2072.5801,2050.98,2069.8899,1584200000
2005-06-29,2074.4399,2076.02,2066.45,2068.8899,1640360000
2005-06-30,2072.05,2076.1599,2056.24,2056.96,1731500000
2005-07-01,2060.97,2064.8101,2053.0601,2057.3701,1176200000
2005-07-05,2052.1001,2079.6001,2052.1001,2078.75,1440300000
2005-07-06,2076.8999,2084.76,2068.4199,2068.6499,1592080000
2005-07-07,2050.71,2076.4299,2050.3,2075.6599,1617860000
2005-07-08,2077.8999,2113.9099,2076.53,2112.8799,1685280000
2005-07-11,2115.98,2135.6899,2115.5701,2135.4299,1770800000
2005-07-12,2132.51,2149.78,2128.8201,2143.1499,1657520000
2005-07-13,2142.6001,2146.5601,2136.3701,2144.1101,1540000000
2005-07-14,2156.5601,2164.1799,2148.6101,2152.8201,1872310000
2005-07-15,2152.7,2160.6399,2145.1799,2156.78,1534960000
2005-07-18,2151.8401,2153.52,2144.78,2144.8701,1307270000
2005-07-19,2156.77,2173.8701,2154.3601,2173.1799,1632670000
2005-07-20,2158.97,2191.0901,2158.0901,2188.5701,1957070000
2005-07-21,2191.77,2193.1899,2171.98,2178.6001,2034880000
2005-07-22,2176.1399,2182.6399,2165.4399,2179.74,1660360000
2005-07-25,2179.04,2186.46,2165.9299,2166.74,1523020000
2005-07-26,2170.6001,2181.1399,2167.0901,2175.99,1651840000
2005-07-27,2178.73,2187.1499,2167.8799,2186.22,1750070000
2005-07-28,2188.29,2198.52,2183.27,2198.4399,1683870000
2005-07-29,2195.47,2201.3899,2184.4299,2184.8301,1613950000
2005-08-01,2191.49,2201.8701,2189.0801,2195.3799,1492680000
2005-08-02,2197.79,2219.0,2197.79,2218.1499,1735020000
2005-08-03,2211.0901,2219.9099,2209.3999,2216.8101,1752440000
2005-08-04,2208.3301,2209.3701,2190.3,2191.3201,1591380000
2005-08-05,2189.4199,2195.1001,2175.9099,2177.9099,1471740000
2005-08-08,2182.99,2185.5601,2163.5,2164.3899,1431010000
2005-08-09,2170.4399,2181.27,2167.8799,2174.1899,1460470000
2005-08-10,2178.0701,2185.9099,2152.8201,2157.8101,1817680000
2005-08-11,2158.3,2174.55,2156.97,2174.55,1582090000
2005-08-12,2158.9399,2161.0701,2144.6001,2156.8999,1551410000
2005-08-15,2153.71,2173.6599,2147.8501,2167.04,1380460000
2005-08-16,2160.97,2161.46,2136.49,2137.0601,1540320000
2005-08-17,2139.3601,2153.04,2137.1799,2145.1499,1518010000
2005-08-18,2139.3999,2146.49,2133.0801,2136.0801,1391780000
2005-08-19,2138.74,2143.9199,2134.99,2135.5601,1205270000
2005-08-22,2140.95,2151.8401,2129.46,2141.4099,1351650000
2005-08-23,2142.29,2145.71,2131.02,2137.25,1341270000
2005-08-24,2133.1699,2156.1299,2127.3,2128.9099,1718580000
2005-08-25,2131.3,2138.46,2129.46,2134.3701,1307580000
2005-08-26,2132.97,2133.1699,2118.04,2120.77,1261130000
2005-08-29,2112.4399,2139.3999,2112.25,2137.6499,1268560000
2005-08-30,2130.8799,2132.21,2118.27,2129.76,1436400000
2005-08-31,2130.8101,2152.0901,2124.0801,2152.0901,1631780000
2005-09-01,2150.03,2157.3201,2142.3201,2147.8999,1623320000
2005-09-02,2150.52,2152.22,2139.28,2141.0701,1130450000
2005-09-06,2147.3101,2167.1001,2147.3101,2166.8601,1403190000
2005-09-07,2164.1399,2172.3899,2158.6101,2172.03,1480820000
2005-09-08,2165.72,2173.8501,2161.29,2166.03,1578070000
2005-09-09,2168.8999,2177.23,2164.4099,2175.51,1617540000
2005-09-12,2176.47,2186.8301,2175.23,2182.8301,1723540000
2005-09-13,2177.95,2185.8899,2167.8301,2171.75,1724570000
2005-09-14,2173.6201,2174.01,2149.1899,2149.3301,1698250000
2005-09-15,2153.75,2155.75,2142.73,2146.1499,1744660000
2005-09-16,2153.75,2160.8301,2146.79,2160.3501,2269030000
2005-09-19,2157.3701,2159.49,2139.8899,2145.26,1604140000
2005-09-20,2149.4399,2162.1399,2127.48,2131.3301,1845670000
2005-09-21,2129.6499,2129.96,2106.6399,2106.6399,1772370000
2005-09-22,2104.3899,2114.5901,2093.0601,2110.78,1692930000
2005-09-23,2105.3701,2121.05,2099.95,2116.8401,1604120000
2005-09-26,2127.8999,2132.6001,2112.27,2121.46,1502410000
2005-09-27,2123.6499,2125.8999,2109.05,2116.4199,1658660000
2005-09-28,2122.1899,2127.49,2109.75,2115.3999,1703850000
2005-09-29,2114.97,2141.4299,2107.7,2141.22,1801520000
2005-09-30,2140.1699,2151.6899,2138.23,2151.6899,1610970000
2005-10-03,2152.7,2162.79,2152.5901,2155.4299,1794420000
2005-10-04,2156.26,2167.0,2139.0,2139.3601,2005300000
2005-10-05,2139.1599,2139.6001,2103.02,2103.02,1923900000
2005-10-06,2104.9199,2110.8301,2069.04,2084.0801,2107360000
2005-10-07,2091.1201,2097.4199,2082.4399,2090.3501,1444780000
2005-10-10,2091.6799,2093.23,2078.1101,2078.9199,1379210000
2005-10-11,2084.3799,2085.6101,2058.1899,2061.0901,1851960000
2005-10-12,2055.4399,2064.6599,2032.79,2037.47,2014750000
2005-10-13,2033.86,2051.23,2025.58,2047.22,1777590000
2005-10-14,2054.5,2064.95,2042.54,2064.8301,1555430000
2005-10-17,2065.54,2071.25,2054.1899,2070.3,1266030000
2005-10-18,2069.3201,2072.5,2055.96,2056.0,1460730000
2005-10-19,2048.6599,2091.24,2042.03,2091.24,1893300000
2005-10-20,2088.04,2096.4299,2058.52,2068.1101,1797930000
2005-10-21,2083.8401,2091.4399,2074.2,2082.21,1770700000
2005-10-24,2089.51,2115.8799,2083.98,2115.8301,1551470000
2005-10-25,2109.55,2116.4199,2094.79,2109.45,1599120000
2005-10-26,2104.02,2121.3601,2098.1499,2100.05,1832000000
2005-10-27,2095.8501,2098.04,2063.8101,2063.8101,1718600000
2005-10-28,2073.8501,2089.8799,2064.9199,2089.8799,1886560000
2005-10-31,2094.3701,2125.73,2094.3701,2120.3,1869760000
2005-11-01,2109.8899,2121.25,2108.8601,2114.05,1903230000
2005-11-02,2110.95,2144.5601,2110.8701,2144.3101,2173290000
2005-11-03,2157.3,2169.98,2153.2,2160.22,2346250000
2005-11-04,2165.1001,2172.6799,2156.6001,2169.4299,1699610000
2005-11-07,2174.25,2182.0901,2165.8201,2178.24,1621120000
2005-11-08,2172.3701,2180.79,2166.25,2172.0701,1599370000
2005-11-09,2171.23,2182.8999,2166.1599,2175.8101,1594180000
2005-11-10,2175.02,2196.75,2162.6499,2196.6799,1938030000
2005-11-11,2198.26,2205.3601,2198.26,2202.47,1454900000
2005-11-14,2203.79,2206.8799,2197.1201,2200.95,1385360000
2005-11-15,2199.3899,2204.6899,2181.9199,2186.74,1684810000
2005-11-16,2189.46,2191.1899,2176.54,2187.9299,1721760000
2005-11-17,2195.48,2220.46,2194.6599,2220.46,1809860000
2005-11-18,2232.3601,2234.3,2218.8101,2227.0701,1993850000
2005-11-21,2226.6201,2242.3,2219.25,2241.6699,1661890000
2005-11-22,2235.3,2257.77,2232.74,2253.5601,1856560000
2005-11-23,2251.3701,2269.3,2250.3999,2259.98,1585710000
2005-11-25,2262.4299,2264.1299,2256.45,2263.01,635420000
2005-11-28,2263.55,2264.0601,2239.3401,2239.3701,1559380000
2005-11-29,2247.7,2253.25,2232.54,2232.71,1753540000
2005-11-30,2232.5,2243.4099,2230.1899,2232.8201,1876080000
2005-12-01,2244.8501,2269.3899,2244.71,2267.1699,2010420000
2005-12-02,2266.1699,2273.6101,2261.1299,2273.3701,1758510000
2005-12-05,2269.0701,2269.48,2250.8401,2257.6399,1659920000
2005-12-06,2267.76,2278.1599,2259.3701,2260.76,1788200000
2005-12-07,2263.29,2264.9099,2244.6201,2252.01,1733530000
2005-12-08,2254.8,2261.6101,2233.74,2246.46,1908360000
2005-12-09,2247.28,2258.6699,2241.03,2256.73,1658570000
2005-12-12,2263.97,2266.1399,2253.4399,2260.95,1679280000
2005-12-13,2256.6001,2271.8501,2254.9199,2265.0,1873980000
2005-12-14,2261.9399,2270.4399,2254.4399,2262.5901,1676210000
2005-12-15,2266.05,2267.55,2247.3201,2260.6299,1804630000
2005-12-16,2262.0801,2263.8899,2251.6699,2252.48,2294480000
2005-12-19,2254.6399,2256.03,2221.79,2222.74,1745530000
2005-12-20,2223.5601,2231.02,2213.52,2222.4199,1702920000
2005-12-21,2227.53,2241.9399,2225.1899,2231.6599,1630030000
2005-12-22,2233.79,2247.0901,2232.5701,2246.49,1498880000
2005-12-23,2249.4099,2254.71,2245.5801,2249.4199,978370000
2005-12-27,2253.05,2259.6799,2226.6201,2226.8899,1250500000
2005-12-28,2230.3601,2233.54,2221.4099,2228.9399,1221540000
2005-12-29,2229.6001,2232.8899,2216.98,2218.1599,1185350000
2005-12-30,2209.03,2209.97,2200.51,2205.3201,1284050000
2006-01-03,2216.53,2249.6799,2189.9099,2243.74,1998300000
2006-01-04,2246.96,2265.28,2246.0701,2263.46,1887560000
2006-01-05,2264.9299,2277.5601,2264.5,2276.8701,1891750000
2006-01-06,2289.21,2306.72,2281.01,2305.6201,2233640000
2006-01-09,2306.1799,2322.6299,2303.1299,2318.6899,1949140000
2006-01-10,2306.22,2320.3201,2303.9299,2320.3201,1978160000
2006-01-11,2321.4099,2332.9199,2316.49,2331.3601,2380600000
2006-01-12,2327.1699,2330.3101,2313.22,2316.6899,2011460000
2006-01-13,2317.74,2321.7,2308.1599,2317.04,1784410000
2006-01-17,2302.5601,2305.8701,2294.05,2302.6899,1702260000
2006-01-18,2265.5,2285.9399,2264.0801,2279.6399,2276900000
2006-01-19,2291.6899,2311.71,2289.8201,2301.8101,2308150000
2006-01-20,2300.3601,2300.73,2245.2,2247.7,2348140000
2006-01-23,2255.3101,2256.24,2241.02,2248.47,1902480000
2006-01-24,2256.1299,2269.4399,2256.03,2265.25,2067470000
2006-01-25,2275.3,2275.3,2253.0601,2260.6499,2188120000
2006-01-26,2274.8501,2284.0701,2264.8501,2283.0,2404920000
2006-01-27,2293.3701,2314.3601,2289.47,2304.23,2331690000
2006-01-30,2306.24,2313.98,2304.75,2306.78,1900730000
2006-01-31,2305.8201,2311.8301,2292.95,2305.8201,2235900000
2006-02-01,2294.1101,2311.5701,2292.23,2310.5601,2274610000
2006-02-02,2306.5701,2308.05,2277.3,2281.5701,2307830000
2006-02-03,2268.4299,2274.6201,2255.99,2262.5801,2230020000
2006-02-06,2263.1201,2265.8101,2249.75,2258.8,1769530000
2006-02-07,2255.9399,2265.54,2239.51,2244.96,2117180000
2006-02-08,2260.22,2268.72,2246.98,2266.98,2181770000
2006-02-09,2273.77,2284.52,2254.26,2255.8701,2321310000
2006-02-10,2255.77,2266.4399,2235.4099,2261.8799,2017730000
2006-02-13,2252.04,2254.3101,2232.6799,2239.8101,1662000000
2006-02-14,2243.54,2266.8201,2237.47,2262.1699,1805300000
2006-02-15,2259.04,2277.1299,2255.1001,2276.4299,1783050000
2006-02-16,2281.8799,2294.6299,2278.0601,2294.6299,1940470000
2006-02-17,2291.73,2291.76,2279.6299,2282.3601,1948640000
2006-02-21,2283.52,2284.8201,2256.75,2262.96,1747180000
2006-02-22,2264.6899,2287.99,2259.1699,2283.1699,1824110000
2006-02-23,2279.5901,2293.74,2271.8201,2279.3201,1754200000
2006-02-24,2278.27,2287.8601,2272.78,2287.04,1583980000
2006-02-27,2291.48,2313.53,2291.24,2307.1799,1714420000
2006-02-28,2300.96,2305.6201,2276.74,2281.3899,2120560000
2006-03-01,2288.1499,2315.95,2285.6399,2314.6399,2190420000
2006-03-02,2305.53,2316.9299,2299.76,2311.1101,2089100000
2006-03-03,2299.1001,2324.9199,2297.0901,2302.6001,2389040000
2006-03-06,2306.6599,2309.51,2281.3701,2286.03,2112280000
2006-03-07,2280.0801,2280.0801,2259.6399,2268.3799,1908310000
2006-03-08,2260.8701,2275.1299,2248.6499,2267.46,2084040000
2006-03-09,2272.26,2279.28,2249.5601,2249.72,1957560000
2006-03-10,2251.8101,2266.99,2239.54,2262.04,1752700000
2006-03-13,2269.4399,2280.2,2263.6799,2267.03,1649550000
2006-03-14,2264.25,2296.9199,2264.24,2295.8999,1911750000
2006-03-15,2301.1699,2312.49,2293.0601,2311.8401,2090520000
2006-03-16,2319.1101,2323.79,2299.55,2299.5601,2344240000
2006-03-17,2306.1699,2310.8401,2294.5,2306.48,2540120000
2006-03-20,2311.9299,2317.1299,2305.5901,2314.1101,1943820000
2006-03-21,2312.8999,2332.95,2292.55,2294.23,2360430000
2006-03-22,2283.3899,2305.4399,2282.3799,2303.3501,2116220000
2006-03-23,2300.1699,2305.1699,2287.8999,2300.1499,1963750000
2006-03-24,2304.74,2316.1499,2300.3701,2312.8201,1928040000
2006-03-27,2312.47,2319.9299,2310.02,2315.5801,1850220000
2006-03-28,2315.6101,2327.8301,2299.5601,2304.46,1997510000
2006-03-29,2309.9399,2344.6699,2308.4099,2337.78,2375300000
2006-03-30,2340.23,2353.1399,2330.8401,2340.8201,2160810000
2006-03-31,2345.53,2348.8899,2334.54,2339.79,1851620000
2006-04-03,2352.24,2357.53,2334.6001,2336.74,1952960000
2006-04-04,2337.95,2350.7,2332.6699,2345.3601,2082320000
2006-04-05,2349.8201,2361.9099,2341.6599,2359.75,2027440000
2006-04-06,2358.9199,2366.5601,2347.6399,2361.1699,2141860000
2006-04-07,2367.3201,2375.45,2336.71,2339.02,2002360000
2006-04-10,2340.3899,2343.5901,2326.47,2333.27,1840950000
2006-04-11,2337.8799,2339.79,2302.1899,2310.3501,2098780000
2006-04-12,2309.3899,2318.05,2308.3301,2314.6799,1536510000
2006-04-13,2314.3201,2333.03,2310.1201,2326.1101,1516980000
2006-04-17,2325.5601,2332.6699,2299.4199,2311.1599,1776170000
2006-04-18,2318.27,2357.46,2318.27,2356.1399,2252800000
2006-04-19,2358.8701,2370.9299,2350.04,2370.8799,2077690000
2006-04-20,2368.74,2375.54,2354.0701,2362.55,2125120000
2006-04-21,2371.6499,2371.6499,2333.5,2342.8601,2326080000
2006-04-24,2338.78,2338.78,2324.28,2333.3799,2008130000
2006-04-25,2338.54,2338.54,2321.6399,2330.3,2301780000
2006-04-26,2333.5701,2342.8799,2327.73,2333.6299,2084230000
2006-04-27,2324.6299,2361.8899,2315.1201,2344.95,2573560000
2006-04-28,2321.6101,2337.28,2317.47,2322.5701,2501760000
2006-05-01,2329.79,2334.6899,2300.25,2304.79,2076120000
2006-05-02,2311.73,2313.9299,2302.8,2309.8401,2070740000
2006-05-03,2311.2,2312.6001,2295.03,2303.97,2127260000
2006-05-04,2307.3799,2326.8201,2307.3799,2323.8999,2054110000
2006-05-05,2335.96,2344.3701,2332.6799,2342.5701,1989260000
2006-05-08,2342.4099,2352.5601,2339.46,2344.99,1726260000
2006-05-09,2339.71,2343.6201,2334.1699,2338.25,1845230000
2006-05-10,2332.8201,2338.25,2314.45,2320.74,2014270000
2006-05-11,2319.0801,2319.6001,2270.51,2272.7,2446770000
2006-05-12,2263.97,2264.1899,2243.3201,2243.78,2289510000
2006-05-15,2234.01,2245.1799,2220.5,2238.52,2006700000
2006-05-16,2239.0,2243.74,2222.8,2229.1299,1996620000
2006-05-17,2214.8999,2222.3799,2193.8701,2195.8,2337800000
2006-05-18,2205.3701,2212.95,2180.28,2180.3201,2022640000
2006-05-19,2183.3401,2198.6599,2164.54,2193.8799,2514380000
2006-05-22,2178.1499,2184.5701,2156.6699,2172.8601,2269960000
2006-05-23,2188.3799,2199.5601,2158.76,2158.76,2131750000
2006-05-24,2159.8301,2179.8401,2135.8101,2169.1699,2597020000
2006-05-25,2182.4299,2198.5801,2174.24,2198.24,2028960000
2006-05-26,2205.8999,2210.49,2196.7,2210.3701,1540700000
2006-05-30,2202.5701,2202.5701,2164.74,2164.74,1718660000
2006-05-31,2171.46,2185.3301,2165.79,2178.8799,2119060000
2006-06-01,2179.8201,2219.8601,2177.8,2219.8601,2078740000
2006-06-02,2229.8401,2233.8799,2203.73,2219.4099,1933380000
2006-06-05,2212.3501,2219.4099,2169.3999,2169.6201,1733250000
2006-06-06,2174.28,2176.47,2144.2,2162.78,2089540000
2006-06-07,2166.5801,2184.4399,2150.6899,2151.8,1913870000
2006-06-08,2141.5901,2151.8,2100.4299,2145.3201,2948100000
2006-06-09,2151.9199,2163.21,2133.47,2135.0601,1754740000
2006-06-12,2137.47,2138.6799,2091.3201,2091.3201,1887720000
2006-06-13,2089.8799,2108.3601,2067.74,2072.47,2594500000
2006-06-14,2075.55,2091.9399,2065.1101,2086.0,2090140000
2006-06-15,2098.3701,2147.9099,2086.0,2144.1499,2201490000
2006-06-16,2140.51,2144.1499,2122.78,2129.95,2428150000
2006-06-19,2136.6001,2138.77,2104.3799,2110.4199,1681580000
2006-06-20,2110.9199,2126.72,2103.77,2107.0601,1572100000
2006-06-21,2109.22,2152.5601,2107.0601,2141.2,1854850000
2006-06-22,2138.97,2141.2,2113.5901,2122.98,1644700000
2006-06-23,2120.3,2137.4299,2110.8101,2121.47,1614510000
2006-06-26,2126.46,2135.71,2121.47,2133.6699,1392940000
2006-06-27,2134.5801,2139.4299,2098.76,2100.25,1788170000
2006-06-28,2105.9399,2112.6201,2090.78,2111.8401,1591310000
2006-06-29,2121.5,2174.3799,2111.8401,2174.3799,2165390000
2006-06-30,2181.47,2183.48,2164.6699,2172.0901,2458840000
2006-07-03,2177.9099,2190.4399,2172.0901,2190.4299,788200000
2006-07-05,2174.6899,2190.4299,2147.1201,2153.3401,1586970000
2006-07-06,2156.3,2168.54,2148.21,2155.0901,1585090000
2006-07-07,2146.8899,2155.0901,2126.6399,2130.0601,1759870000
2006-07-10,2135.96,2142.3601,2109.1799,2116.9299,1561790000
2006-07-11,2110.4199,2129.47,2095.6899,2128.8601,1971500000
2006-07-12,2121.71,2128.8601,2090.23,2090.24,1776520000
2006-07-13,2076.3899,2090.24,2054.1001,2054.1101,2022040000
2006-07-14,2053.8799,2056.53,2027.11,2037.35,1779960000
2006-07-17,2034.76,2050.6499,2028.3,2037.72,1504880000
2006-07-18,2043.1801,2052.53,2012.78,2043.22,1996880000
2006-07-19,2037.6801,2086.0701,2037.1,2080.71,2304740000
2006-07-20,2083.8301,2084.24,2038.71,2039.42,1951450000
2006-07-21,2035.26,2035.78,2014.0699,2020.39,2346890000
2006-07-24,2030.49,2061.8401,2030.49,2061.8401,1975870000
2006-07-25,2060.3799,2080.1101,2055.3401,2073.8999,1913710000
2006-07-26,2066.46,2083.96,2053.6399,2070.46,2073310000
2006-07-27,2082.5701,2093.1399,2052.02,2054.47,2120100000
2006-07-28,2065.28,2094.95,2065.0601,2094.1399,1803290000
2006-07-31,2087.8601,2098.24,2082.6201,2091.47,1582270000
2006-08-01,2080.3401,2080.3401,2052.75,2061.99,1663070000
2006-08-02,2069.9099,2089.0,2069.5801,2078.8101,1755730000
2006-08-03,2064.5601,2099.8101,2060.9099,2092.3401,1818790000
2006-08-04,2107.8301,2119.01,2068.8,2085.05,1832040000
2006-08-07,2079.45,2079.45,2064.9399,2072.5,1428170000
2006-08-08,2079.52,2083.8999,2054.1299,2060.8501,1889440000
2006-08-09,2085.5601,2097.76,2056.77,2060.28,2074060000
2006-08-10,2052.98,2076.3501,2048.22,2071.74,1730320000
2006-08-11,2066.23,2066.23,2049.8401,2057.71,1423530000
2006-08-14,2073.01,2092.6599,2067.6899,2069.04,1480120000
2006-08-15,2092.49,2115.01,2089.6001,2115.01,1755660000
2006-08-16,2127.0601,2149.54,2120.1101,2149.54,2474760000
2006-08-17,2144.3,2168.1101,2141.5601,2157.6101,1919020000
2006-08-18,2157.1399,2165.47,2138.45,2163.95,1683790000
2006-08-21,2151.9099,2153.53,2140.8101,2147.75,1314000000
2006-08-22,2145.3101,2162.6799,2140.6299,2150.02,1555940000
2006-08-23,2152.9099,2160.1101,2126.75,2134.6599,1457180000
2006-08-24,2142.3401,2144.3301,2122.6499,2137.1101,1404360000
2006-08-25,2132.1699,2152.9199,2129.25,2140.29,1282510000
2006-08-28,2140.52,2164.22,2139.5701,2160.7,1333860000
2006-08-29,2161.96,2173.8799,2145.22,2172.3,1580990000
2006-08-30,2175.0701,2188.55,2167.48,2185.73,1620030000
2006-08-31,2189.1699,2193.3401,2181.77,2183.75,1700210000
2006-09-01,2194.5601,2198.5801,2182.9299,2193.1599,1325540000
2006-09-05,2192.9399,2207.55,2184.4199,2205.7,1732460000
2006-09-06,2189.7,2190.26,2167.6299,2167.8401,1797080000
2006-09-07,2160.05,2174.8,2149.3601,2155.29,1847190000
2006-09-08,2160.02,2168.4399,2154.55,2165.79,1457220000
2006-09-11,2152.1201,2180.3899,2147.4399,2173.25,1694280000
2006-09-12,2174.6101,2217.28,2174.6101,2215.8201,2007990000
2006-09-13,2214.8,2229.1799,2211.1399,2227.6699,1860530000
2006-09-14,2221.73,2230.97,2218.8601,2228.73,1826600000
2006-09-15,2243.28,2247.1599,2227.72,2235.5901,2455870000
2006-09-18,2232.99,2247.47,2228.52,2235.75,1914200000
2006-09-19,2239.8601,2239.8601,2202.9299,2222.3701,2079920000
2006-09-20,2242.1101,2257.28,2242.1101,2252.8899,2164940000
2006-09-21,2257.54,2261.47,2232.8899,2237.75,1993110000
2006-09-22,2233.55,2233.55,2210.1299,2218.9299,1646540000
2006-09-25,2227.3701,2253.45,2212.02,2249.0701,1833860000
2006-09-26,2247.72,2261.78,2243.6699,2261.3401,2011140000
2006-09-27,2256.1699,2271.0,2254.3701,2263.3899,2039100000
2006-09-28,2266.9299,2273.1201,2252.9099,2270.02,1805260000
2006-09-29,2273.3,2273.3,2257.98,2258.4299,1812120000
2006-10-02,2257.0,2262.6699,2235.6799,2237.6001,1769170000
2006-10-03,2233.01,2251.8601,2224.21,2243.6499,1946800000
2006-10-04,2239.8799,2290.98,2239.26,2290.95,2190280000
2006-10-05,2289.53,2306.3501,2287.6101,2306.3401,1911090000
2006-10-06,2296.1499,2306.28,2289.99,2299.99,1672470000
2006-10-09,2297.8201,2317.4199,2295.25,2311.77,1485280000
2006-10-10,2314.1201,2319.0601,2302.24,2315.4299,1760360000
2006-10-11,2304.6699,2322.0701,2292.29,2308.27,1995600000
2006-10-12,2318.28,2346.29,2318.28,2346.1799,2003960000
2006-10-13,2344.7,2360.23,2341.3999,2357.29,1940530000
2006-10-16,2359.1899,2368.1101,2358.01,2363.8401,1823620000
2006-10-17,2354.0701,2354.0701,2329.8,2344.95,2125950000
2006-10-18,2355.4199,2362.0901,2330.49,2337.1499,2130750000
2006-10-19,2332.54,2345.24,2324.4299,2340.9399,2000690000
2006-10-20,2340.9399,2349.3601,2329.1299,2342.3,1922070000
2006-10-23,2338.1499,2364.2,2330.6101,2355.5601,1823480000
2006-10-24,2352.49,2356.03,2335.9099,2344.8401,1856880000
2006-10-25,2346.77,2359.76,2338.6499,2356.5901,2100780000
2006-10-26,2361.0901,2379.29,2347.8799,2379.1001,2339540000
2006-10-27,2375.1699,2377.3401,2347.0701,2350.6201,2268950000
2006-10-30,2347.21,2371.0601,2341.03,2363.77,1724180000
2006-10-31,2368.75,2374.6399,2355.95,2366.71,1922150000
2006-11-01,2373.49,2375.53,2330.5701,2334.3501,2027020000
2006-11-02,2324.48,2339.1299,2320.8401,2334.02,1887310000
2006-11-03,2339.04,2343.98,2316.8201,2330.79,1830050000
2006-11-06,2341.6599,2371.8101,2341.6599,2365.95,1892250000
2006-11-07,2366.01,2391.3401,2363.6399,2375.8799,2088770000
2006-11-08,2363.9199,2393.47,2358.4399,2384.9399,2076020000
2006-11-09,2399.28,2401.3301,2370.6001,2376.01,2380240000
2006-11-10,2378.26,2389.72,2373.6201,2389.72,1680460000
2006-11-13,2389.52,2408.9099,2387.8799,2406.3799,1720810000
2006-11-14,2408.05,2430.8301,2394.6201,2430.6599,1926370000
2006-11-15,2430.1399,2452.5601,2429.6799,2442.75,2103870000
2006-11-16,2447.0901,2453.3501,2438.04,2449.0601,2038830000
2006-11-17,2439.6299,2445.8601,2431.79,2445.8601,1732400000
2006-11-20,2441.1599,2457.1399,2437.8401,2452.72,1697480000
2006-11-21,2454.6499,2456.6001,2445.04,2454.8401,1660270000
2006-11-22,2463.21,2467.2,2450.6399,2465.98,1573120000
2006-11-24,2449.73,2468.4199,2449.3201,2460.26,681510000
2006-11-27,2454.1699,2454.6399,2405.8899,2405.9199,1950300000
2006-11-28,2397.3201,2414.0801,2390.1001,2412.6101,1958630000
2006-11-29,2422.9099,2436.6101,2414.8,2432.23,1903430000
2006-11-30,2430.75,2441.3501,2419.23,2431.77,2134200000
2006-12-01,2430.75,2434.3899,2392.95,2413.21,2040520000
2006-12-04,2420.9199,2455.6699,2420.6001,2448.3899,1954530000
2006-12-05,2455.7,2459.51,2445.1399,2452.3799,1990600000
2006-12-06,2447.54,2451.8601,2436.47,2445.8601,1889000000
2006-12-07,2449.6399,2454.9099,2427.6899,2427.6899,2051030000
2006-12-08,2423.6699,2447.03,2416.77,2437.3601,1840600000
2006-12-11,2437.3601,2453.22,2429.97,2442.8601,1813340000
2006-12-12,2443.03,2444.72,2419.3201,2431.6001,1927540000
2006-12-13,2444.1201,2444.1201,2423.8701,2432.4099,1782430000
2006-12-14,2435.75,2461.3101,2435.75,2453.8501,1889510000
2006-12-15,2467.3601,2470.02,2455.24,2457.2,2324650000
2006-12-18,2462.4299,2470.95,2428.6599,2435.5701,1936350000
2006-12-19,2420.0801,2437.3301,2408.8501,2429.55,1960720000
2006-12-20,2432.0,2443.3401,2426.4099,2427.6101,1749530000
2006-12-21,2430.1399,2433.1299,2408.99,2415.8501,1732880000
2006-12-22,2415.98,2416.49,2400.72,2401.1799,1306530000
2006-12-26,2398.22,2414.21,2397.6799,2413.51,1016200000
2006-12-27,2418.78,2432.73,2418.78,2431.22,1216260000
2006-12-28,2425.3201,2432.48,2420.9099,2425.5701,1237530000
2006-12-29,2423.03,2437.3799,2413.4299,2415.29,1413920000
2007-01-03,2429.72,2454.6201,2394.6599,2423.1599,2435280000
2007-01-04,2423.8201,2460.51,2413.75,2453.4299,2104210000
2007-01-05,2445.0701,2445.0701,2420.5901,2434.25,2060360000
2007-01-08,2435.25,2445.6299,2421.1299,2438.2,1905620000
2007-01-09,2443.26,2449.8701,2423.5601,2443.8301,2144160000
2007-01-10,2434.04,2461.3401,2427.8999,2459.3301,2274210000
2007-01-11,2464.8899,2489.46,2463.3899,2484.8501,2436270000
2007-01-12,2481.72,2502.8201,2481.54,2502.8201,2175810000
2007-01-16,2504.5601,2508.9299,2493.9199,2497.78,2139550000
2007-01-17,2487.8899,2496.9299,2475.8301,2479.4199,2273880000
2007-01-18,2475.3301,2475.8,2438.1101,2443.21,2456180000
2007-01-19,2437.6299,2453.79,2435.6799,2451.3101,2037890000
2007-01-22,2454.5,2454.6599,2422.9199,2431.0701,1900860000
2007-01-23,2428.26,2447.03,2425.98,2431.4099,2001100000
2007-01-24,2443.01,2466.28,2440.8201,2466.28,2202040000
2007-01-25,2469.27,2470.51,2430.5601,2434.24,2202280000
2007-01-26,2441.1001,2443.4399,2418.6101,2435.49,2067080000
2007-01-29,2434.6399,2451.8301,2431.3101,2441.0901,1915400000
2007-01-30,2446.6599,2451.0,2437.4199,2448.6399,1769600000
2007-01-31,2443.3301,2471.2,2433.76,2463.9299,2186710000
2007-02-01,2474.0801,2481.3799,2458.71,2468.3799,2170040000
2007-02-02,2474.1899,2478.4099,2466.5601,2475.8799,1876770000
2007-02-05,2475.03,2481.5701,2466.1799,2470.6001,1875310000
2007-02-06,2475.78,2478.24,2454.6001,2471.49,2113710000
2007-02-07,2483.73,2495.27,2475.5701,2490.5,2198410000
2007-02-08,2484.5,2492.4099,2477.71,2488.6699,1995880000
2007-02-09,2491.6499,2496.52,2453.4399,2459.8201,2186590000
2007-02-12,2460.6299,2460.6299,2444.6799,2450.3799,1840250000
2007-02-13,2455.25,2464.5601,2452.1699,2459.8799,1821390000
2007-02-14,2468.04,2494.51,2468.04,2488.3799,2173580000
2007-02-15,2489.8401,2498.3701,2485.51,2497.1001,1949670000
2007-02-16,2491.48,2497.9199,2482.6599,2496.3101,1887430000
2007-02-20,2491.75,2514.22,2479.9199,2513.04,2165590000
2007-02-21,2503.54,2518.4199,2500.96,2518.4199,2012450000
2007-02-22,2523.3601,2531.4199,2509.0601,2524.9399,1850960000
2007-02-23,2522.53,2522.8401,2506.95,2515.1001,2012220000
2007-02-26,2525.04,2525.98,2492.54,2504.52,1912480000
2007-02-27,2468.74,2470.9199,2402.3601,2407.8601,3037380000
2007-02-28,2411.8899,2431.8601,2395.3501,2416.1499,2620450000
2007-03-01,2377.1799,2419.1499,2359.4399,2404.21,2710750000
2007-03-02,2389.8601,2401.26,2368.0,2368.0,2352790000
2007-03-05,2368.0,2377.8401,2340.3999,2340.6799,2291680000
2007-03-06,2363.1499,2390.1399,2361.27,2385.1399,2121430000
2007-03-07,2382.6499,2388.78,2371.9199,2374.6399,1959330000
2007-03-08,2396.55,2402.2,2382.0,2387.73,1989910000
2007-03-09,2403.1299,2404.8,2375.5701,2387.55,1875050000
2007-03-12,2385.1399,2404.02,2384.3899,2402.29,1637980000
2007-03-13,2388.8601,2395.98,2350.5701,2350.5701,2235000000
2007-03-14,2350.9399,2371.74,2331.5701,2371.74,2255630000
2007-03-15,2371.02,2382.6201,2367.74,2378.7,1690430000
2007-03-16,2376.8201,2385.3201,2364.3601,2372.6599,2031650000
2007-03-19,2384.6599,2399.8,2381.55,2394.4099,1650970000
2007-03-20,2394.8201,2412.6399,2393.1899,2408.21,1761940000
2007-03-21,2415.54,2455.9199,2405.3899,2455.9199,2158740000
2007-03-22,2457.0601,2457.3701,2442.51,2451.74,1887290000
2007-03-23,2451.8301,2459.96,2447.8101,2448.9299,1634470000
2007-03-26,2451.6001,2455.6299,2428.0,2455.6299,1817870000
2007-03-27,2448.9199,2450.03,2435.1899,2437.4299,1708060000
2007-03-28,2427.1899,2434.3201,2413.0901,2417.1001,1868310000
2007-03-29,2432.5,2433.04,2396.8301,2417.8799,1926070000
2007-03-30,2419.9099,2432.2,2403.01,2421.6399,1998550000
2007-04-02,2425.3601,2427.9399,2409.04,2422.26,1784170000
2007-04-03,2432.3,2456.1699,2432.3,2450.3301,1932030000
2007-04-04,2451.9399,2461.49,2448.6899,2458.6899,1933300000
2007-04-05,2457.6499,2471.3401,2455.6001,2471.3401,1537800000
2007-04-09,2478.02,2478.6799,2464.5701,2469.1799,1714880000
2007-04-10,2468.1299,2479.46,2468.03,2477.6101,1834530000
2007-04-11,2477.76,2478.51,2452.05,2459.3101,1957970000
2007-04-12,2455.72,2480.4099,2448.71,2480.3201,1905500000
2007-04-13,2479.6899,2491.9399,2468.23,2491.9399,1834320000
2007-04-16,2500.55,2519.03,2500.55,2518.3301,1779410000
2007-04-17,2519.1201,2522.0701,2510.6001,2516.95,1900920000
2007-04-18,2507.3401,2518.21,2499.6499,2510.5,2046760000
2007-04-19,2497.22,2515.95,2490.3401,2505.3501,2112920000
2007-04-20,2525.23,2532.24,2515.24,2526.3899,2084270000
2007-04-23,2525.77,2531.3999,2518.47,2523.6699,1928530000
2007-04-24,2528.3899,2529.48,2509.26,2524.54,2220610000
2007-04-25,2533.54,2551.3899,2523.8401,2547.8899,2644120000
2007-04-26,2551.49,2560.6399,2544.1201,2554.46,2406090000
2007-04-27,2554.48,2562.99,2550.1001,2557.21,2078160000
2007-04-30,2558.05,2558.75,2525.0901,2525.0901,2080710000
2007-05-01,2529.95,2532.3701,2510.5701,2531.53,2351750000
2007-05-02,2531.96,2562.78,2531.96,2557.8401,2073150000
2007-05-03,2560.8501,2569.8,2555.8401,2565.46,2137140000
2007-05-04,2574.5,2577.96,2561.73,2572.1499,2214130000
2007-05-07,2572.6399,2580.0601,2569.22,2570.95,1652300000
2007-05-08,2563.1799,2571.75,2551.1499,2571.75,1897750000
2007-05-09,2557.6299,2579.98,2555.71,2576.3401,2104220000
2007-05-10,2564.8,2570.73,2533.1201,2533.74,2237610000
2007-05-11,2541.6599,2562.45,2539.6699,2562.22,1725550000
2007-05-14,2564.05,2568.9299,2537.9199,2546.4399,1941450000
2007-05-15,2544.6699,2557.78,2523.8301,2525.29,2187760000
2007-05-16,2532.71,2547.4199,2519.3501,2547.4199,2061050000
2007-05-17,2544.3201,2547.71,2535.47,2539.3799,1924890000
2007-05-18,2548.0701,2559.03,2540.6699,2558.45,1996930000
2007-05-21,2560.9299,2587.8701,2560.8501,2578.79,1974220000
2007-05-22,2580.04,2593.03,2573.95,2588.02,1943950000
2007-05-23,2592.6201,2600.9399,2576.23,2577.05,2011060000
2007-05-24,2577.21,2585.73,2531.28,2537.9199,2350850000
2007-05-25,2547.4099,2560.03,2544.46,2557.1899,1559700000
2007-05-29,2561.04,2576.3601,2558.3999,2572.0601,1651000000
2007-05-30,2556.1699,2592.5901,2551.6799,2592.5901,1969150000
2007-05-31,2599.47,2607.8999,2594.29,2604.52,2286850000
2007-06-01,2614.01,2626.3999,2608.6899,2613.9199,1880030000
2007-06-04,2606.05,2619.75,2604.8501,2618.29,1947220000
2007-06-05,2611.1599,2613.3101,2595.01,2611.23,2182810000
2007-06-06,2599.5601,2599.5601,2578.8101,2587.1799,2163430000
2007-06-07,2577.3701,2585.73,2541.3799,2541.3799,2716240000
2007-06-08,2541.1399,2573.74,2534.97,2573.54,1908130000
2007-06-11,2569.6399,2584.8201,2566.8401,2572.1499,1614980000
2007-06-12,2560.4099,2576.8899,2547.99,2549.77,2047210000
2007-06-13,2558.47,2582.3101,2556.72,2582.3101,2086610000
2007-06-14,2584.1399,2604.76,2583.9299,2599.4099,1936220000
2007-06-15,2625.3301,2630.51,2620.72,2626.71,2420750000
2007-06-18,2631.3401,2631.45,2617.6599,2626.6001,1717120000
2007-06-19,2620.3101,2631.3,2612.4199,2626.76,1871880000
2007-06-20,2632.2,2634.6001,2599.6299,2599.96,2793260000
2007-06-21,2597.6499,2618.54,2586.05,2616.96,2562640000
2007-06-22,2610.3601,2612.75,2583.24,2588.96,3240350000
2007-06-25,2590.5901,2605.8701,2568.5,2577.0801,2039010000
2007-06-26,2589.22,2590.8899,2566.3401,2574.1599,2100330000
2007-06-27,2563.8301,2605.9199,2560.45,2605.3501,2020260000
2007-06-28,2606.1399,2624.6001,2604.6001,2608.3701,1923410000
2007-06-29,2619.9399,2626.5601,2590.0901,2603.23,2168420000
2007-07-02,2617.3899,2632.3,2614.8401,2632.3,1853840000
2007-07-03,2636.71,2644.95,2635.0,2644.95,1089120000
2007-07-05,2646.3,2658.01,2637.78,2656.6499,1694530000
2007-07-06,2656.3,2667.97,2649.05,2666.51,1597110000
2007-07-09,2668.99,2672.5901,2660.6499,2670.02,1895200000
2007-07-10,2657.8701,2662.55,2637.6599,2639.1599,2229340000
2007-07-11,2637.1201,2652.3401,2631.8899,2651.79,2014260000
2007-07-12,2662.76,2701.73,2662.52,2701.73,2166350000
2007-07-13,2696.96,2707.6399,2694.0901,2707.0,1729190000
2007-07-16,2703.3999,2712.1299,2693.71,2697.3301,1751060000
2007-07-17,2702.1001,2719.9399,2701.5601,2712.29,2158690000
2007-07-18,2695.28,2699.8701,2674.26,2699.49,2257380000
2007-07-19,2716.6599,2724.74,2710.8401,2720.04,2177500000
2007-07-20,2709.99,2710.3201,2674.6399,2687.6001,2335920000
2007-07-23,2698.49,2705.03,2688.4099,2690.5801,2034080000
2007-07-24,2673.7,2682.3999,2634.03,2639.8601,2463270000
2007-07-25,2660.1899,2665.8101,2628.1499,2648.1699,2482250000
2007-07-26,2620.75,2632.46,2563.8101,2599.3401,3392140000
2007-07-27,2599.8701,2608.99,2562.0601,2562.24,2705290000
2007-07-30,2568.1399,2592.0,2552.3101,2583.28,2291710000
2007-07-31,2606.3201,2607.45,2545.8999,2546.27,2789130000
2007-08-01,2538.5,2557.1101,2515.8101,2553.8701,2912270000
2007-08-02,2557.5901,2579.28,2553.1399,2575.98,2456970000
2007-08-03,2572.9199,2575.5801,2511.1201,2511.25,2504430000
2007-08-06,2524.8701,2547.3301,2491.96,2547.3301,2815560000
2007-08-07,2532.78,2577.8101,2523.4399,2561.6001,2704030000
2007-08-08,2582.6001,2627.75,2582.6001,2612.98,3542890000
2007-08-09,2573.03,2615.9299,2556.49,2556.49,3593450000
2007-08-10,2529.54,2569.25,2503.1599,2544.8899,3202570000
2007-08-13,2566.6001,2572.51,2541.3501,2542.24,2154750000
2007-08-14,2549.26,2552.49,2499.1201,2499.1201,1982860000
2007-08-15,2492.76,2520.3899,2457.8899,2458.8301,2259870000
2007-08-16,2440.9099,2460.5,2386.6899,2451.0701,3279620000
2007-08-17,2510.3799,2524.96,2466.3601,2505.03,2580340000
2007-08-20,2511.0701,2516.3101,2487.4399,2508.5901,1656440000
2007-08-21,2502.3101,2529.6599,2500.6599,2521.3,1677080000
2007-08-22,2542.99,2554.8999,2533.74,2552.8,1787060000
2007-08-23,2562.4099,2565.3501,2530.5701,2541.7,1622880000
2007-08-24,2539.6499,2576.6899,2534.6399,2576.6899,1624860000
2007-08-27,2570.4099,2573.8301,2557.48,2561.25,1314030000
2007-08-28,2546.3899,2548.0601,2500.55,2500.6399,1562800000
2007-08-29,2518.8201,2563.1599,2512.6001,2563.1599,1649720000
2007-08-30,2545.0801,2587.8601,2542.48,2565.3,1704910000
2007-08-31,2596.1899,2603.1101,2579.79,2596.3601,1536640000
2007-09-04,2596.3799,2644.45,2596.3799,2630.24,1863090000
2007-09-05,2618.28,2621.54,2596.7,2605.95,1921820000
2007-09-06,2615.74,2620.8899,2595.52,2614.3201,1795220000
2007-09-07,2581.48,2584.28,2556.5901,2565.7,1906520000
2007-09-10,2581.78,2588.8799,2536.9299,2559.1101,1771430000
2007-09-11,2573.28,2598.9399,2572.8601,2597.47,1743730000
2007-09-12,2592.8301,2612.1799,2590.3799,2592.0701,1888570000
2007-09-13,2607.1299,2612.7,2589.4099,2601.0601,1666510000
2007-09-14,2582.1499,2603.6299,2577.73,2602.1799,1586580000
2007-09-17,2594.04,2596.0901,2575.3601,2581.6599,1407780000
2007-09-18,2592.96,2651.6599,2583.1399,2651.6599,2083620000
2007-09-19,2665.8899,2683.02,2654.8999,2666.48,2183810000
2007-09-20,2659.5801,2669.4299,2648.0701,2654.29,1751460000
2007-09-21,2670.75,2678.6899,2666.3201,2671.22,2268300000
2007-09-24,2676.4199,2692.1599,2660.52,2667.95,1848950000
2007-09-25,2658.53,2683.9199,2656.3301,2683.45,1910890000
2007-09-26,2696.53,2709.23,2689.5901,2699.03,1984010000
2007-09-27,2711.8201,2712.79,2702.02,2709.5901,1745070000
2007-09-28,2709.6499,2716.75,2692.02,2701.5,1929890000
2007-10-01,2704.25,2743.53,2704.25,2740.99,1914080000
2007-10-02,2740.6499,2747.1101,2732.6899,2747.1101,1740460000
2007-10-03,2734.3201,2746.1399,2721.23,2729.4299,1851090000
2007-10-04,2735.3899,2735.52,2718.05,2733.5701,1695520000
2007-10-05,2754.6799,2784.9299,2749.8501,2780.3201,2012860000
2007-10-08,2777.72,2787.3701,2771.6001,2787.3701,1496610000
2007-10-09,2793.95,2806.4099,2784.52,2803.9099,1865120000
2007-10-10,2805.4399,2813.6699,2795.98,2811.6101,1916630000
2007-10-11,2824.55,2834.0,2757.76,2772.2,2508690000
2007-10-12,2779.79,2806.1799,2778.29,2805.6799,1957790000
2007-10-15,2809.1699,2811.6599,2764.6799,2780.05,1967120000
2007-10-16,2770.03,2781.8,2759.4299,2763.9099,2038520000
2007-10-17,2801.6599,2803.96,2755.26,2792.6699,2400080000
2007-10-18,2778.3101,2803.26,2770.1101,2799.3101,1973010000
2007-10-19,2799.3201,2799.3201,2725.1599,2725.1599,2371650000
2007-10-22,2705.8601,2755.47,2698.1399,2753.9299,1958710000
2007-10-23,2775.52,2799.26,2758.53,2799.26,2335770000
2007-10-24,2775.3301,2781.96,2720.3,2774.76,2739680000
2007-10-25,2777.5901,2787.29,2733.0801,2750.8601,2753360000
2007-10-26,2806.52,2810.3101,2776.53,2804.1899,2583680000
2007-10-29,2815.1599,2825.3701,2805.25,2817.4399,2014730000
2007-10-30,2807.3201,2828.8201,2803.6699,2816.71,2121930000
2007-10-31,2827.8,2861.51,2815.6699,2859.1201,2534530000
2007-11-01,2835.0,2835.6299,2793.1699,2794.8301,2528410000
2007-11-02,2812.79,2817.03,2773.8201,2810.3799,2426050000
2007-11-05,2782.8,2807.51,2771.9099,2795.1799,2092590000
2007-11-06,2809.8101,2825.47,2780.22,2825.1799,2482160000
2007-11-07,2798.45,2810.1899,2748.3101,2748.76,2491180000
2007-11-08,2748.3999,2753.05,2648.03,2696.0,3461810000
2007-11-09,2648.96,2668.79,2624.4299,2627.9399,2955790000
2007-11-12,2619.4099,2643.0,2583.0,2584.1299,2820740000
2007-11-13,2613.3701,2673.6499,2613.3701,2673.6499,2662780000
2007-11-14,2698.03,2698.3501,2636.3201,2644.3201,2420260000
2007-11-15,2636.27,2652.6499,2601.3899,2618.51,2289480000
2007-11-16,2631.8101,2640.03,2596.5901,2637.24,2515680000
2007-11-19,2622.4399,2628.1499,2583.26,2593.3799,2188010000
2007-11-20,2603.53,2633.8201,2554.3201,2596.8101,2607370000
2007-11-21,2570.53,2597.1699,2542.7,2562.1499,2034730000
2007-11-23,2578.99,2601.55,2567.5801,2596.6001,804330000
2007-11-26,2599.8201,2613.6899,2539.8101,2540.99,2019400000
2007-11-27,2557.98,2585.9299,2546.3701,2580.8,2166930000
2007-11-28,2607.3301,2667.9299,2606.8601,2662.9099,2518580000
2007-11-29,2653.3601,2675.21,2648.49,2668.1299,2157170000
2007-11-30,2693.6101,2696.24,2642.25,2660.96,2571340000
2007-12-03,2654.9099,2667.8201,2636.96,2637.1299,1994710000
2007-12-04,2620.3401,2636.01,2613.8301,2619.8301,2044740000
2007-12-05,2648.96,2671.72,2647.4099,2666.3601,2258840000
2007-12-06,2665.8701,2709.1001,2664.71,2709.03,1970680000
2007-12-07,2710.3301,2711.96,2695.96,2706.1599,1855070000
2007-12-10,2710.73,2727.8401,2706.5901,2718.95,1776540000
2007-12-11,2723.0901,2734.8201,2650.22,2652.3501,2195200000
2007-12-12,2703.26,2712.5901,2638.8201,2671.1399,2311900000
2007-12-13,2651.45,2670.3301,2641.5701,2668.49,2143760000
2007-12-14,2647.6799,2671.8799,2634.75,2635.74,1902390000
2007-12-17,2623.23,2626.3701,2574.46,2574.46,1873110000
2007-12-18,2597.5901,2604.3799,2553.99,2596.03,1982590000
2007-12-19,2593.3301,2609.73,2583.3201,2601.01,1835920000
2007-12-20,2628.1201,2640.8799,2605.21,2640.8601,1960470000
2007-12-21,2676.8501,2691.99,2671.5901,2691.99,2508800000
2007-12-24,2694.3501,2715.77,2694.3501,2713.5,778620000
2007-12-26,2702.8201,2727.55,2698.48,2724.4099,1241830000
2007-12-27,2715.02,2717.1201,2675.8899,2676.79,2324820000
2007-12-28,2693.3601,2697.77,2661.79,2674.46,1338850000
2007-12-31,2663.78,2668.6101,2646.0901,2652.28,1454550000
2008-01-02,2653.9099,2661.5,2597.8101,2609.6299,2076690000
2008-01-03,2611.96,2624.27,2592.1799,2602.6799,1970200000
2008-01-04,2571.0801,2571.0801,2502.6799,2504.6499,2516310000
2008-01-07,2514.1499,2521.6201,2471.23,2499.46,2600100000
2008-01-08,2506.97,2527.4199,2440.51,2440.51,2566480000
2008-01-09,2443.8501,2474.55,2407.3899,2474.55,2821160000
2008-01-10,2452.1201,2503.55,2446.8,2488.52,2640400000
2008-01-11,2471.8601,2473.95,2428.8501,2439.9399,2355490000
2008-01-14,2470.8701,2483.1299,2455.3401,2478.3,2134230000
2008-01-15,2449.04,2455.29,2412.47,2417.5901,2390120000
2008-01-16,2390.5601,2429.5801,2361.22,2394.5901,3397330000
2008-01-17,2405.74,2416.51,2343.6499,2346.8999,2785930000
2008-01-18,2365.5601,2384.21,2323.29,2340.02,2991360000
2008-01-22,2221.2,2318.6001,2221.2,2292.27,3161430000
2008-01-23,2226.77,2320.1299,2202.54,2316.4099,3650250000
2008-01-24,2328.8601,2361.8899,2326.3701,2360.9199,2928900000
2008-01-25,2402.8,2408.22,2322.5601,2326.2,2599410000
2008-01-28,2324.8501,2349.9099,2306.6399,2349.9099,2033860000
2008-01-29,2360.4299,2362.1101,2332.0,2358.0601,2160040000
2008-01-30,2346.3601,2396.0,2343.8799,2349.0,2618850000
2008-01-31,2317.1101,2403.46,2313.52,2389.8601,2813420000
2008-02-01,2392.5801,2419.23,2374.5,2413.3601,3060180000
2008-02-04,2413.4199,2413.4199,2382.0901,2382.8501,2050940000
2008-02-05,2344.8101,2359.4299,2309.5701,2309.5701,2501820000
2008-02-06,2327.1799,2338.27,2277.27,2278.75,2362020000
2008-02-07,2259.6201,2318.52,2252.6499,2293.03,2946360000
2008-02-08,2290.5,2318.6699,2280.27,2304.8501,2229330000
2008-02-11,2310.75,2326.23,2294.4199,2320.0601,2072270000
2008-02-12,2333.3101,2349.55,2305.8301,2320.04,2183530000
2008-02-13,2347.22,2373.9299,2338.9099,2373.9299,2174670000
2008-02-14,2376.22,2376.22,2328.5901,2332.54,2267580000
2008-02-15,2320.5801,2329.1699,2305.8101,2321.8,1999540000
2008-02-19,2348.98,2352.79,2300.1001,2306.2,1988690000
2008-02-20,2292.8201,2331.7,2291.24,2327.1001,2258180000
2008-02-21,2344.0801,2353.79,2294.77,2299.78,2277540000
2008-02-22,2306.6101,2308.76,2265.3601,2303.3501,2324450000
2008-02-25,2303.4099,2333.71,2294.3799,2327.48,2152880000
2008-02-26,2314.4199,2361.1001,2311.3201,2344.99,2263650000
2008-02-27,2329.1599,2363.52,2326.3401,2353.78,2216540000
2008-02-28,2342.5601,2352.8799,2324.47,2331.5701,2032040000
2008-02-29,2309.0601,2311.23,2264.97,2271.48,2405360000
2008-03-03,2271.26,2275.75,2240.3,2258.6001,2145070000
2008-03-04,2244.21,2266.3701,2221.0901,2260.28,2669980000
2008-03-05,2266.49,2290.01,2254.2,2272.8101,2209090000
2008-03-06,2265.6699,2272.2,2219.3301,2220.5,2165090000
2008-03-07,2204.48,2242.5,2186.9299,2212.49,2386980000
2008-03-10,2211.1399,2216.8899,2168.6699,2169.3401,2101010000
2008-03-11,2209.6499,2255.76,2192.5,2255.76,2526040000
2008-03-12,2259.97,2282.6101,2241.3799,2243.8701,2077140000
2008-03-13,2219.28,2272.55,2199.3799,2263.6101,2419220000
2008-03-14,2271.21,2277.1101,2191.75,2212.49,2547310000
2008-03-17,2166.9399,2200.53,2155.4199,2177.01,2338210000
2008-03-18,2215.6101,2268.26,2206.8101,2268.26,2411630000
2008-03-19,2272.1201,2280.8999,2209.96,2209.96,2265420000
2008-03-20,2220.5,2258.1101,2208.1201,2258.1101,2764480000
2008-03-24,2268.2,2336.7,2268.2,2326.75,2312600000
2008-03-25,2329.1599,2346.78,2312.0601,2341.05,2099060000
2008-03-26,2328.6201,2331.1799,2306.49,2324.3601,1915210000
2008-03-27,2315.04,2315.9099,2280.47,2280.8301,2038770000
2008-03-28,2291.3201,2304.71,2256.8701,2261.1799,1785770000
2008-03-31,2265.1499,2289.7,2260.5901,2279.1001,1788360000
2008-04-01,2306.51,2362.75,2305.3999,2362.75,2160120000
2008-04-02,2363.4199,2381.21,2347.78,2361.3999,1996680000
2008-04-03,2347.9099,2373.99,2339.3799,2363.3,1993480000
2008-04-04,2366.9099,2391.9299,2351.76,2370.98,1977560000
2008-04-07,2386.6201,2390.04,2359.54,2364.8301,1730020000
2008-04-08,2353.5801,2359.3999,2337.8401,2348.76,1635290000
2008-04-09,2351.9399,2353.54,2311.45,2322.1201,1922050000
2008-04-10,2326.78,2363.9099,2324.3899,2351.7,2159000000
2008-04-11,2327.7,2328.45,2286.1899,2290.24,1902540000
2008-04-14,2287.02,2296.73,2274.9099,2275.8201,1626710000
2008-04-15,2287.4299,2291.1201,2266.29,2286.04,1884750000
2008-04-16,2313.4199,2352.21,2313.4199,2350.1101,2128770000
2008-04-17,2347.3201,2348.3101,2327.6599,2341.8301,1779300000
2008-04-18,2394.52,2412.78,2383.24,2402.97,2190920000
2008-04-21,2393.0701,2410.97,2389.8201,2408.04,1601280000
2008-04-22,2397.1201,2397.1699,2361.6699,2376.9399,1941680000
2008-04-23,2391.6399,2412.53,2382.77,2405.21,2181580000
2008-04-24,2408.25,2447.28,2383.76,2428.9199,2337160000
2008-04-25,2424.6799,2427.0901,2391.1499,2422.9299,1956260000
2008-04-28,2422.6299,2437.0,2416.8999,2424.3999,1724680000
2008-04-29,2420.0,2435.3799,2412.1001,2426.1001,1769030000
2008-04-30,2434.2,2451.1899,2406.3701,2412.8,2127390000
2008-05-01,2416.49,2480.71,2416.49,2480.71,2344770000
2008-05-02,2499.1399,2499.1399,2461.46,2476.99,2279510000
2008-05-05,2475.3101,2486.05,2458.1201,2464.1201,2085110000
2008-05-06,2455.1101,2488.8301,2445.3701,2483.3101,2097260000
2008-05-07,2483.03,2496.6499,2435.76,2438.49,2238810000
2008-05-08,2450.01,2462.51,2436.6101,2451.24,2031770000
2008-05-09,2432.55,2455.3301,2429.03,2445.52,1711510000
2008-05-12,2454.6499,2490.22,2446.3601,2488.49,1769330000
2008-05-13,2491.02,2498.0701,2472.5801,2495.1201,1895250000
2008-05-14,2503.28,2528.3999,2493.5801,2496.7,2129270000
2008-05-15,2496.4399,2535.1899,2492.95,2533.73,2176320000
2008-05-16,2537.4099,2537.4099,2504.1799,2528.8501,2286090000
2008-05-19,2530.8201,2551.47,2505.6001,2516.0901,2269590000
2008-05-20,2505.8601,2506.1899,2479.3701,2492.26,1991010000
2008-05-21,2497.3899,2508.8999,2444.99,2448.27,2166450000
2008-05-22,2454.74,2474.53,2448.8401,2464.5801,1932080000
2008-05-23,2454.1399,2456.0,2430.3601,2444.6699,1734070000
2008-05-27,2450.52,2482.0801,2448.5801,2481.24,1742710000
2008-05-28,2491.5,2493.3799,2465.5901,2486.7,1792750000
2008-05-29,2486.0901,2522.1399,2485.9199,2508.3201,1956100000
2008-05-30,2519.1399,2530.1599,2510.6499,2522.6599,2153350000
2008-06-02,2514.8201,2516.3701,2471.4099,2491.53,1972760000
2008-06-03,2500.5,2513.8899,2460.5601,2480.48,2148040000
2008-06-04,2473.03,2518.71,2471.52,2503.1399,2153510000
2008-06-05,2509.49,2549.9399,2504.5701,2549.9399,2254760000
2008-06-06,2528.52,2529.97,2474.5601,2474.5601,2192240000
2008-06-09,2483.22,2485.0,2429.3,2459.46,2084630000
2008-06-10,2436.75,2466.28,2432.47,2448.9399,2081430000
2008-06-11,2444.9399,2446.28,2394.01,2394.01,2065810000
2008-06-12,2414.46,2432.8799,2388.49,2404.3501,2276640000
2008-06-13,2423.05,2454.5,2417.01,2454.5,2106050000
2008-06-16,2443.1299,2479.95,2441.24,2474.78,1871720000
2008-06-17,2481.2,2483.1899,2456.78,2457.73,1798050000
2008-06-18,2444.96,2449.1799,2422.96,2429.71,2030700000
2008-06-19,2427.1699,2469.1499,2412.3701,2462.0601,2294540000
2008-06-20,2441.96,2441.96,2394.26,2406.0901,2570320000
2008-06-23,2416.55,2419.6899,2384.5601,2385.74,1916230000
2008-06-24,2375.8,2394.8601,2352.1001,2368.28,2195920000
2008-06-25,2376.8201,2421.25,2376.29,2401.26,2153970000
2008-06-26,2365.8601,2366.1599,2321.3701,2321.3701,2300840000
2008-06-27,2319.6201,2329.9399,2290.5901,2315.6299,3403540000
2008-06-30,2312.4199,2325.49,2292.98,2292.98,2096400000
2008-07-01,2274.24,2306.9099,2255.79,2304.97,2653890000
2008-07-02,2311.5701,2317.2,2251.3,2251.46,2376300000
2008-07-03,2261.74,2262.96,2227.8,2245.3799,1423670000
2008-07-07,2263.6899,2276.54,2214.1599,2243.3201,2363990000
2008-07-08,2244.8999,2294.4399,2233.99,2294.4399,2462380000
2008-07-09,2290.6299,2296.03,2234.5901,2234.8899,2285560000
2008-07-10,2239.95,2267.6699,2223.04,2257.8501,2300880000
2008-07-11,2233.3799,2265.8601,2203.25,2239.0801,2340180000
2008-07-14,2262.8601,2266.4399,2207.0,2212.8701,1997990000
2008-07-15,2197.1799,2249.1201,2167.29,2215.71,2798410000
2008-07-16,2219.27,2284.8501,2205.71,2284.8501,2425020000
2008-07-17,2296.5701,2320.77,2274.27,2312.3,2570670000
2008-07-18,2286.9199,2293.1799,2269.55,2282.78,2225800000
2008-07-21,2290.75,2300.3201,2270.28,2279.53,1859410000
2008-07-22,2256.3201,2303.96,2252.8401,2303.96,2510310000
2008-07-23,2305.1101,2350.0901,2300.2,2325.8799,2730180000
2008-07-24,2329.21,2329.21,2278.9099,2280.1101,2499920000
2008-07-25,2294.6899,2312.6001,2282.6299,2310.53,2045130000
2008-07-28,2307.1899,2317.75,2258.6201,2264.22,1931230000
2008-07-29,2274.6101,2320.1799,2274.3701,2319.6201,2274090000
2008-07-30,2329.01,2342.8799,2299.98,2329.72,2280940000
2008-07-31,2311.3301,2353.3899,2309.6399,2325.55,2316510000
2008-08-01,2326.8301,2328.95,2286.4099,2310.96,2312140000
2008-08-04,2309.75,2309.75,2280.9299,2285.5601,2010200000
2008-08-05,2308.1399,2349.8301,2303.6299,2349.8301,2324730000
2008-08-06,2349.1699,2385.77,2333.53,2378.3701,2228710000
2008-08-07,2362.79,2386.4399,2351.3201,2355.73,2189120000
2008-08-08,2356.8401,2416.3999,2352.04,2414.1001,2189630000
2008-08-11,2407.55,2461.6499,2402.53,2439.95,2272240000
2008-08-12,2434.26,2447.1599,2421.0901,2430.6101,2052610000
2008-08-13,2424.3201,2443.4399,2404.03,2428.6201,1995490000
2008-08-14,2414.4099,2461.1499,2414.4099,2453.6699,1835830000
2008-08-15,2463.1001,2473.2,2441.05,2452.52,1742180000
2008-08-18,2456.96,2456.96,2404.4099,2416.98,1632610000
2008-08-19,2404.95,2410.96,2376.6699,2384.3601,1716280000
2008-08-20,2396.5801,2408.6799,2372.3401,2389.0801,1746470000
2008-08-21,2371.54,2387.72,2360.3899,2380.3799,1562430000
2008-08-22,2390.3401,2417.6299,2390.3401,2414.71,1365910000
2008-08-25,2399.73,2399.73,2362.2,2365.5901,2366920000
2008-08-26,2364.3101,2377.04,2345.79,2361.97,1256980000
2008-08-27,2362.8601,2395.02,2358.9299,2382.46,1540700000
2008-08-28,2390.1101,2412.8401,2388.55,2411.6399,1582680000
2008-08-29,2388.6699,2393.49,2360.9099,2367.52,1559030000
2008-09-02,2402.1101,2413.1101,2338.3701,2349.24,2010580000
2008-09-03,2346.8101,2357.4299,2320.9099,2333.73,2062140000
2008-09-04,2315.1799,2317.3201,2259.04,2259.04,2332320000
2008-09-05,2241.6201,2264.3501,2216.99,2255.8799,2261030000
2008-09-08,2296.1799,2303.8899,2236.97,2269.76,2566300000
2008-09-09,2269.9299,2285.54,2209.8101,2209.8101,2590590000
2008-09-10,2232.21,2247.6299,2209.5901,2228.7,2250360000
2008-09-11,2199.03,2259.25,2191.53,2258.22,2269670000
2008-09-12,2239.25,2268.8301,2228.0,2261.27,1973590000
2008-09-15,2202.28,2244.8799,2179.9099,2179.9099,2697820000
2008-09-16,2149.6499,2214.29,2145.1699,2207.8999,3187630000
2008-09-17,2177.5801,2183.25,2098.8501,2098.8501,3102010000
2008-09-18,2137.4199,2201.71,2070.22,2199.1001,3867290000
2008-09-19,2303.8999,2318.4299,2239.73,2273.8999,3898230000
2008-09-22,2265.77,2266.45,2178.98,2178.98,1881160000
2008-09-23,2190.71,2209.6201,2151.77,2153.3301,1974180000
2008-09-24,2167.55,2179.9299,2147.3601,2155.6799,1818170000
2008-09-25,2172.26,2210.74,2167.0601,2186.5701,1846330000
2008-09-26,2144.0601,2187.53,2136.8501,2183.3401,1949200000
2008-09-29,2147.1599,2152.6899,1983.73,1983.73,2808100000
2008-09-30,2033.6899,2094.3101,2015.9301,2091.8799,2376240000
2008-10-01,2075.1001,2083.2,2046.0601,2069.3999,1899330000
2008-10-02,2052.51,2056.4299,1975.0,1976.72,2173750000
2008-10-03,2005.92,2046.8101,1947.1899,1947.39,2501480000
2008-10-06,1898.63,1905.01,1777.02,1862.96,3502250000
2008-10-07,1867.97,1886.35,1754.88,1754.88,2825810000
2008-10-08,1710.96,1806.89,1706.86,1740.33,3516070000
2008-10-09,1766.25,1787.41,1634.88,1645.12,2622310000
2008-10-10,1590.77,1690.77,1542.45,1649.51,4164090000
2008-10-13,1734.6,1844.25,1715.74,1844.25,2665690000
2008-10-14,1894.87,1896.95,1752.89,1779.01,2912850000
2008-10-15,1754.62,1761.23,1628.33,1628.33,2540180000
2008-10-16,1644.55,1717.72,1565.72,1717.71,3331040000
2008-10-17,1678.78,1782.58,1670.28,1711.29,2711030000
2008-10-20,1735.13,1770.05,1698.01,1770.03,2021750000
2008-10-21,1741.84,1768.54,1695.12,1696.6801,2099810000
2008-10-22,1671.23,1678.71,1587.22,1615.75,2560810000
2008-10-23,1621.11,1645.5,1533.55,1603.91,3104700000
2008-10-24,1493.79,1584.27,1493.79,1552.03,2691940000
2008-10-27,1528.12,1574.54,1503.8101,1505.9,2224430000
2008-10-28,1552.24,1649.47,1504.13,1649.47,2777540000
2008-10-29,1643.98,1705.51,1622.01,1657.21,2748720000
2008-10-30,1698.4301,1712.5601,1658.45,1698.52,2504420000
2008-10-31,1684.71,1742.54,1673.3199,1720.95,2437120000
2008-11-03,1718.89,1738.53,1713.39,1726.33,1770880000
2008-11-04,1761.09,1785.84,1739.8101,1780.12,2306350000
2008-11-05,1757.01,1764.4301,1679.1899,1681.64,2092410000
2008-11-06,1659.5699,1676.92,1603.87,1608.7,2367880000
2008-11-07,1629.6899,1654.25,1615.51,1647.4,1886230000
2008-11-10,1680.67,1680.67,1603.33,1616.74,1674900000
2008-11-11,1598.59,1612.42,1563.95,1580.9,1909080000
2008-11-12,1555.17,1562.78,1499.21,1499.21,2120870000
2008-11-13,1503.0601,1596.7,1428.54,1596.7,3009550000
2008-11-14,1560.59,1587.76,1513.09,1516.85,2243750000
2008-11-17,1494.74,1526.96,1481.7,1482.05,1831540000
2008-11-18,1488.9301,1498.42,1429.92,1483.27,2349230000
2008-11-19,1479.13,1493.05,1386.42,1386.42,2372880000
2008-11-20,1373.77,1414.4301,1314.9,1316.12,3147650000
2008-11-21,1346.77,1384.35,1295.48,1384.35,3071280000
2008-11-24,1409.72,1480.41,1397.1899,1472.02,2553620000
2008-11-25,1472.02,1486.22,1430.4,1464.73,2457510000
2008-11-26,1441.21,1532.1,1441.21,1532.1,1980020000
2008-11-28,1517.95,1535.5699,1512.41,1535.5699,787580000
2008-12-01,1496.09,1496.24,1398.0699,1398.0699,1904470000
2008-12-02,1423.85,1450.83,1399.88,1449.8,2056730000
2008-12-03,1416.03,1493.0601,1414.04,1492.38,2240150000
2008-12-04,1465.77,1500.95,1426.41,1445.5601,2020110000
2008-12-05,1426.9301,1510.39,1404.8,1509.3101,2177720000
2008-12-08,1541.4399,1583.8101,1536.71,1571.74,2290810000
2008-12-09,1546.54,1602.92,1538.25,1547.34,2246470000
2008-12-10,1563.66,1584.16,1542.08,1565.48,1955600000
2008-12-11,1548.47,1568.61,1501.7,1507.88,2018190000
2008-12-12,1482.55,1543.04,1478.03,1540.72,1869900000
2008-12-15,1544.16,1544.16,1491.36,1508.34,1677890000
2008-12-16,1526.0601,1589.89,1526.0,1589.89,2180960000
2008-12-17,1568.88,1598.33,1560.05,1579.3101,2111370000
2008-12-18,1583.17,1591.7,1535.38,1552.37,2092320000
2008-12-19,1572.75,1593.35,1557.05,1564.3199,2651440000
2008-12-22,1562.17,1563.79,1503.66,1532.35,1629320000
2008-12-23,1539.37,1548.4399,1512.54,1521.54,1331050000
2008-12-24,1525.15,1527.23,1516.15,1524.9,490990000
2008-12-26,1531.2,1532.13,1518.97,1530.24,592760000
2008-12-29,1529.54,1530.92,1493.45,1510.3199,1186240000
2008-12-30,1521.1801,1550.7,1517.26,1550.7,1374180000
2008-12-31,1550.87,1586.8101,1548.88,1577.03,1521220000
2009-01-02,1578.87,1636.03,1571.98,1632.21,1438410000
2009-01-05,1621.48,1640.46,1604.63,1628.03,1816580000
2009-01-06,1642.37,1665.63,1636.25,1652.38,2137640000
2009-01-07,1621.63,1625.37,1588.2,1599.0601,2020170000
2009-01-08,1590.25,1617.01,1584.28,1617.01,1968160000
2009-01-09,1617.05,1617.26,1569.87,1571.59,1907390000
2009-01-12,1573.45,1573.46,1528.0,1538.79,1763590000
2009-01-13,1537.42,1557.95,1527.47,1546.46,1965570000
2009-01-14,1521.71,1528.65,1485.26,1489.64,1919980000
2009-01-15,1489.46,1521.58,1456.72,1511.84,2507870000
2009-01-16,1532.47,1538.8199,1490.35,1529.33,2235070000
2009-01-20,1520.76,1521.85,1440.86,1440.86,1989610000
2009-01-21,1466.4,1507.52,1444.9,1507.0699,2120080000
2009-01-22,1470.85,1492.47,1444.08,1465.49,2286190000
2009-01-23,1440.78,1495.27,1434.08,1477.29,2210840000
2009-01-26,1479.98,1514.38,1470.8101,1489.46,1815400000
2009-01-27,1494.12,1513.21,1488.8101,1504.9,1784110000
2009-01-28,1530.48,1568.33,1530.03,1558.34,2122250000
2009-01-29,1537.47,1537.84,1505.7,1507.84,1932100000
2009-01-30,1519.46,1523.45,1472.51,1476.42,2054590000
2009-02-02,1460.85,1502.72,1460.51,1494.4301,1987080000
2009-02-03,1499.59,1521.21,1479.42,1516.3,2049840000
2009-02-04,1517.1899,1549.64,1508.87,1515.05,2197050000
2009-02-05,1498.59,1554.37,1495.52,1546.24,2511750000
2009-02-06,1547.0,1594.26,1545.85,1591.71,2389530000
2009-02-09,1590.74,1598.23,1576.1,1591.5601,1906940000
2009-02-10,1578.02,1598.5,1520.5601,1524.73,2443370000
2009-02-11,1531.58,1542.84,1509.35,1530.5,2236450000
2009-02-12,1510.17,1542.51,1495.34,1541.71,2428250000
2009-02-13,1539.72,1552.5699,1530.05,1534.36,1990190000
2009-02-17,1489.12,1492.8199,1467.79,1470.66,2335370000
2009-02-18,1480.65,1487.92,1454.46,1467.97,2029710000
2009-02-19,1478.55,1485.14,1442.53,1442.8199,1991000000
2009-02-20,1427.03,1454.39,1416.96,1441.23,2526040000
2009-02-23,1452.58,1452.58,1386.6801,1387.72,1977740000
2009-02-24,1399.37,1445.0699,1395.11,1441.83,2339660000
2009-02-25,1428.76,1453.66,1404.54,1425.4301,2345380000
2009-02-26,1436.85,1444.83,1391.47,1391.47,2301990000
2009-02-27,1376.5601,1401.97,1372.42,1377.84,2393280000
2009-03-02,1356.13,1372.0,1322.13,1322.85,2033110000
2009-03-03,1341.42,1346.88,1312.98,1321.01,2338880000
2009-03-04,1340.38,1370.29,1333.88,1353.74,2305180000
2009-03-05,1332.38,1342.86,1298.33,1299.59,2325840000
2009-03-06,1310.59,1320.51,1268.54,1293.85,2443820000
2009-03-09,1284.84,1316.15,1265.52,1268.64,2037130000
2009-03-10,1288.95,1358.28,1288.95,1358.28,2359730000
2009-03-11,1364.8,1385.29,1352.6,1371.64,2169050000
2009-03-12,1367.78,1427.55,1355.05,1426.1,2392770000
2009-03-13,1427.03,1433.98,1408.26,1431.5,2022170000
2009-03-16,1445.27,1445.27,1402.48,1404.02,2099460000
2009-03-17,1409.67,1462.11,1405.3199,1462.11,2073230000
2009-03-18,1454.4399,1507.4,1448.67,1491.22,2764950000
2009-03-19,1509.0601,1509.0601,1475.49,1483.48,2323510000
2009-03-20,1488.15,1501.78,1448.78,1457.27,2394470000
2009-03-23,1491.26,1555.77,1482.15,1555.77,2172590000
2009-03-24,1535.6801,1546.21,1515.63,1516.52,2009530000
2009-03-25,1527.59,1554.25,1487.9399,1528.95,2431180000
2009-03-26,1549.4,1587.0,1545.21,1587.0,2535050000
2009-03-27,1564.12,1569.21,1543.4301,1545.2,2071670000
2009-03-30,1516.79,1517.0601,1484.98,1501.8,2020200000
2009-03-31,1518.7,1554.47,1518.01,1528.59,2157410000
2009-04-01,1504.87,1553.03,1498.54,1551.6,2256580000
2009-04-02,1579.97,1623.34,1576.8199,1602.63,2833600000
2009-04-03,1609.05,1621.87,1593.05,1621.87,2113380000
2009-04-06,1602.24,1607.6,1580.65,1606.71,1998090000
2009-04-07,1585.58,1588.0,1559.46,1561.61,1854700000
2009-04-08,1576.9301,1595.97,1567.22,1590.66,1837900000
2009-04-09,1618.83,1652.54,1616.25,1652.54,2165450000
2009-04-13,1641.61,1660.83,1630.54,1653.3101,1824530000
2009-04-14,1637.5,1651.28,1618.04,1625.72,2253650000
2009-04-15,1613.5601,1627.72,1599.11,1626.8,2042600000
2009-04-16,1645.52,1676.17,1628.08,1670.4399,2390620000
2009-04-17,1665.6,1682.24,1653.84,1673.0699,2418440000
2009-04-20,1641.35,1643.3199,1606.86,1608.21,3061850000
2009-04-21,1599.03,1643.85,1598.9301,1643.85,2422990000
2009-04-22,1630.14,1679.8199,1624.73,1646.12,2657480000
2009-04-23,1651.47,1654.85,1625.88,1652.21,2463500000
2009-04-24,1666.4301,1702.87,1657.49,1694.29,2547150000
2009-04-27,1672.87,1700.53,1670.49,1679.41,2203700000
2009-04-28,1668.26,1690.0601,1661.4,1673.8101,2080410000
2009-04-29,1688.66,1726.6899,1687.29,1711.9399,2385720000
2009-04-30,1732.47,1753.61,1710.0699,1717.3,2871300000
2009-05-01,1719.29,1728.1,1703.52,1719.2,2165930000
2009-05-04,1733.71,1763.5601,1729.3101,1763.5601,2524800000
2009-05-05,1757.26,1759.42,1735.37,1754.12,2538290000
2009-05-06,1768.6899,1770.29,1730.97,1759.1,2966510000
2009-05-07,1772.1,1773.13,1702.54,1716.24,3299360000
2009-05-08,1733.5,1747.41,1711.01,1739.0,3206310000
2009-05-11,1713.65,1747.97,1705.87,1731.24,2543450000
2009-05-12,1742.86,1743.52,1695.87,1715.92,2475150000
2009-05-13,1696.8,1697.76,1664.1899,1664.1899,2356410000
2009-05-14,1672.48,1701.22,1667.9399,1689.21,2162620000
2009-05-15,1687.49,1703.45,1676.5601,1680.14,2057500000
2009-05-18,1696.8199,1732.36,1689.55,1732.36,2023250000
2009-05-19,1727.0,1750.05,1719.92,1734.54,2076390000
2009-05-20,1743.6,1767.47,1722.3199,1727.84,2261780000
2009-05-21,1709.83,1719.58,1677.77,1695.25,2206610000
2009-05-22,1702.0601,1711.98,1682.24,1692.01,1619520000
2009-05-26,1677.72,1751.47,1677.54,1750.4301,2095650000
2009-05-27,1745.5601,1768.22,1728.96,1731.08,2118100000
2009-05-28,1744.23,1754.95,1714.48,1751.79,2189090000
2009-05-29,1756.26,1774.33,1742.99,1774.33,2465310000
2009-06-01,1796.09,1833.1801,1792.8,1828.6801,2600340000
2009-06-02,1821.22,1846.65,1815.83,1836.8,2611690000
2009-06-03,1825.6,1828.09,1806.51,1825.92,2246950000
2009-06-04,1829.84,1850.04,1825.62,1850.02,2468840000
2009-06-05,1864.02,1865.95,1834.63,1849.42,2310590000
2009-06-08,1836.87,1857.8,1818.59,1842.4,1972980000
2009-06-09,1850.48,1869.52,1846.26,1860.13,2140370000
2009-06-10,1872.01,1872.7,1827.61,1853.08,2347870000
2009-06-11,1854.75,1879.92,1854.75,1862.37,2463860000
2009-06-12,1852.4301,1858.8,1833.39,1858.8,2013560000
2009-06-15,1837.9399,1838.33,1803.0699,1816.38,2154700000
2009-06-16,1825.2,1831.1801,1795.55,1796.1801,2227700000
2009-06-17,1799.22,1824.2,1785.34,1808.0601,2523180000
2009-06-18,1809.04,1816.6,1795.74,1807.72,2067830000
2009-06-19,1824.99,1837.58,1817.0699,1827.47,2864420000
2009-06-22,1809.53,1810.58,1765.85,1766.1899,2318970000
2009-06-23,1771.42,1777.58,1753.78,1764.92,2152480000
2009-06-24,1780.88,1807.08,1780.25,1792.34,2150570000
2009-06-25,1783.1899,1829.67,1779.1801,1829.54,2227980000
2009-06-26,1819.16,1840.98,1816.84,1838.22,3989940000
2009-06-29,1842.09,1854.09,1825.03,1844.0601,1981450000
2009-06-30,1845.47,1854.6899,1824.95,1835.04,2044980000
2009-07-01,1846.12,1861.62,1843.79,1845.72,1971050000
2009-07-02,1823.6899,1823.91,1795.95,1796.52,1923070000
2009-07-06,1783.5,1793.42,1770.11,1787.4,1970530000
2009-07-07,1787.4399,1788.97,1745.38,1746.17,2027240000
2009-07-08,1756.0,1757.67,1727.05,1747.17,2467520000
2009-07-09,1756.97,1763.63,1747.4399,1752.55,1868280000
2009-07-10,1744.61,1764.11,1738.26,1756.03,1658010000
2009-07-13,1761.03,1793.21,1736.95,1793.21,1899410000
2009-07-14,1790.7,1800.73,1782.85,1799.73,1856910000
2009-07-15,1827.61,1863.29,1824.3101,1862.9,2543340000
2009-07-16,1856.05,1887.89,1854.7,1885.03,2072730000
2009-07-17,1880.3101,1887.34,1873.8101,1886.61,1876760000
2009-07-20,1896.99,1909.89,1890.0,1909.29,2046350000
2009-07-21,1917.39,1917.46,1892.17,1916.2,2205230000
2009-07-22,1908.83,1934.61,1907.25,1926.38,2306340000
2009-07-23,1924.96,1979.34,1924.77,1973.6,3021430000
2009-07-24,1943.23,1966.26,1937.64,1965.96,2232920000
2009-07-27,1964.62,1971.38,1946.95,1967.89,2141690000
2009-07-28,1957.26,1978.4301,1947.89,1975.51,2206850000
2009-07-29,1965.3199,1970.65,1953.36,1967.76,2072650000
2009-07-30,1986.21,2009.8101,1980.08,1984.3,2525670000
2009-07-31,1980.72,1995.05,1977.65,1978.5,2190380000
2009-08-03,1998.35,2008.61,1985.88,2008.61,2155720000
2009-08-04,1996.38,2015.59,1993.74,2011.3101,2235010000
2009-08-05,2014.45,2014.45,1980.6801,1993.05,2353550000
2009-08-06,1999.21,2004.37,1967.6801,1973.16,2408400000
2009-08-07,1997.0,2012.33,1984.5,2000.25,2323980000
2009-08-10,1991.4399,1999.55,1979.39,1992.24,1844700000
2009-08-11,1985.0601,1986.85,1962.08,1969.73,1915530000
2009-08-12,1970.95,2015.26,1970.25,1998.72,2140190000
2009-08-13,2009.27,2013.4301,1986.87,2009.35,2084370000
2009-08-14,2005.79,2006.73,1969.6801,1985.52,1923410000
2009-08-17,1949.23,1949.23,1929.64,1930.84,1924190000
2009-08-18,1940.55,1958.71,1935.33,1955.92,1749420000
2009-08-19,1933.39,1972.3199,1931.91,1969.24,1977750000
2009-08-20,1967.5699,1992.22,1965.6899,1989.22,1958470000
2009-08-21,2000.15,2021.86,1994.33,2020.9,2259140000
2009-08-24,2026.11,2036.03,2012.0,2017.98,2046370000
2009-08-25,2025.59,2040.59,2019.17,2024.23,1936980000
2009-08-26,2021.3,2034.3101,2013.52,2024.4301,2037560000
2009-08-27,2021.3101,2029.27,1993.03,2027.73,2140540000
2009-08-28,2050.53,2059.48,2017.42,2028.77,2340180000
2009-08-31,2011.14,2013.65,1997.53,2009.0601,2256210000
2009-09-01,2001.3,2034.78,1965.48,1968.89,2778570000
2009-09-02,1960.0699,1976.35,1958.51,1967.0699,1974330000
2009-09-03,1975.85,1983.37,1958.04,1983.2,1853450000
2009-09-04,1986.98,2018.92,1982.05,2018.78,1722150000
2009-09-08,2034.74,2038.63,2023.03,2037.77,2037180000
2009-09-09,2038.92,2066.3401,2033.47,2060.3899,2493930000
2009-09-10,2059.48,2084.02,2055.49,2084.02,2451330000
2009-09-11,2083.3401,2088.9299,2070.02,2080.8999,2318050000
2009-09-14,2066.1499,2091.78,2065.8,2091.78,2157600000
2009-09-15,2090.3301,2106.9299,2086.1599,2102.6399,2372990000
2009-09-16,2110.0601,2133.1499,2102.8601,2133.1499,2707080000
2009-09-17,2129.4199,2140.6001,2118.5,2126.75,2615780000
2009-09-18,2134.8501,2138.8201,2120.7,2132.8601,3023010000
2009-09-21,2121.3401,2142.4099,2118.48,2138.04,2408860000
2009-09-22,2150.02,2150.6799,2137.3899,2146.3,2490480000
2009-09-23,2152.4299,2167.7,2130.3401,2131.4199,2683250000
2009-09-24,2140.0601,2142.49,2097.1001,2107.6101,2607280000
2009-09-25,2095.8401,2106.99,2085.3501,2090.9199,2363930000
2009-09-28,2101.9199,2140.04,2101.4299,2130.74,1890030000
2009-09-29,2131.6699,2141.3999,2116.6299,2124.04,2062970000
2009-09-30,2131.3,2137.8701,2092.3,2122.4199,2640660000
2009-10-01,2111.77,2112.8999,2057.48,2057.48,2708170000
2009-10-02,2040.84,2064.1499,2040.73,2048.1101,2448110000
2009-10-05,2056.52,2074.78,2049.04,2068.1499,2156250000
2009-10-06,2080.3999,2111.1299,2079.49,2103.5701,2413450000
2009-10-07,2099.0601,2110.3301,2095.9399,2110.3301,2220910000
2009-10-08,2124.6899,2139.6499,2116.0601,2123.9299,2366950000
2009-10-09,2120.0,2139.6201,2118.04,2139.28,1936850000
2009-10-12,2145.6299,2155.9199,2128.3899,2139.1399,1784280000
2009-10-13,2138.7,2146.3501,2128.4399,2139.8899,2020110000
2009-10-14,2165.8301,2173.95,2157.48,2172.23,2348620000
2009-10-15,2164.3301,2173.29,2158.29,2173.29,2140090000
2009-10-16,2164.73,2164.73,2142.8799,2156.8,2209950000
2009-10-19,2162.4099,2180.1101,2150.4199,2176.3201,1970440000
2009-10-20,2180.4299,2181.1599,2151.77,2163.47,2110580000
2009-10-21,2160.78,2190.6399,2148.4099,2150.73,2565680000
2009-10-22,2146.72,2169.1699,2130.7,2165.29,2265230000
2009-10-23,2186.6399,2190.48,2149.3501,2154.47,2441920000
2009-10-26,2158.8101,2183.6101,2136.9199,2141.8501,2316210000
2009-10-27,2144.1499,2148.8799,2110.9099,2116.0901,2384620000
2009-10-28,2103.3601,2111.8401,2057.3999,2059.6101,2769570000
2009-10-29,2077.04,2101.3301,2071.3,2097.55,2301370000
2009-10-30,2091.5601,2095.0901,2040.21,2045.11,2610280000
2009-11-02,2047.42,2069.49,2024.27,2049.2,2408320000
2009-11-03,2034.09,2057.3201,2031.25,2057.3201,2061050000
2009-11-04,2067.5601,2081.1001,2053.0,2055.52,2217520000
2009-11-05,2078.8301,2105.3201,2075.6101,2105.3201,2209690000
2009-11-06,2089.49,2117.6201,2088.24,2112.4399,1829150000
2009-11-09,2128.46,2154.0601,2128.1499,2154.0601,2004700000
2009-11-10,2147.24,2160.6399,2141.27,2151.0801,1997240000
2009-11-11,2166.53,2177.9099,2155.25,2166.8999,1851790000
2009-11-12,2166.98,2179.1899,2145.8301,2149.02,2212370000
2009-11-13,2156.6799,2172.05,2145.9199,2167.8799,1876220000
2009-11-16,2177.3101,2205.3201,2177.0,2197.8501,2105020000
2009-11-17,2190.1201,2203.78,2185.55,2203.78,1887240000
2009-11-18,2199.8701,2200.1499,2180.1699,2193.1399,1990220000
2009-11-19,2176.3701,2176.51,2141.5901,2156.8201,2208700000
2009-11-20,2145.0701,2150.0801,2137.0601,2146.04,1962760000
2009-11-23,2168.95,2189.5,2168.77,2176.01,1840170000
2009-11-24,2174.6899,2175.1499,2155.22,2169.1799,1858490000
2009-11-25,2174.0,2178.6201,2170.0601,2176.05,1398610000
2009-11-27,2115.96,2155.4099,2113.99,2138.4399,971990000
2009-11-30,2135.9299,2146.9299,2120.7,2144.6001,1986050000
2009-12-01,2162.23,2182.24,2162.23,2175.8101,2151300000
2009-12-02,2178.51,2198.55,2177.8201,2185.03,2068920000
2009-12-03,2190.4199,2203.75,2172.04,2173.1399,2001660000
2009-12-04,2203.75,2214.3899,2169.6599,2194.3501,2305950000
2009-12-07,2191.3501,2201.4199,2183.1299,2189.6101,1878980000
2009-12-08,2174.72,2187.1899,2160.4299,2172.99,1981800000
2009-12-09,2170.02,2185.7,2155.96,2183.73,1906210000
2009-12-10,2194.8999,2202.8401,2187.0801,2190.8601,1946370000
2009-12-11,2200.96,2202.3999,2179.51,2190.3101,1754430000
2009-12-14,2202.3101,2212.5601,2193.2,2212.1001,1841890000
2009-12-15,2203.54,2217.6299,2197.76,2201.05,1946960000
2009-12-16,2210.3501,2220.46,2203.3301,2206.9099,2022440000
2009-12-17,2193.5,2198.51,2178.05,2180.05,1904840000
2009-12-18,2197.5701,2213.1799,2190.6899,2211.6899,2848410000
2009-12-21,2224.04,2242.22,2224.04,2237.6599,1808830000
2009-12-22,2242.6101,2253.73,2241.3301,2252.6699,1724200000
2009-12-23,2257.21,2271.3301,2253.6699,2269.6399,1582900000
2009-12-24,2273.95,2285.8899,2273.3999,2285.6899,632650000
2009-12-28,2290.04,2295.8,2280.5601,2291.0801,1232130000
2009-12-29,2293.9399,2294.75,2286.5701,2288.3999,1177710000
2009-12-30,2284.5601,2293.02,2280.1599,2291.28,1312670000
2009-12-31,2292.9199,2293.5901,2269.1101,2269.1499,1237820000
2010-01-04,2294.4099,2311.1499,2294.4099,2308.4199,1931380000
2010-01-05,2307.27,2313.73,2295.6201,2308.71,2367860000
2010-01-06,2307.71,2314.0701,2295.6799,2301.0901,2253340000
2010-01-07,2298.0901,2301.3,2285.22,2300.05,2270050000
2010-01-08,2292.24,2317.6001,2290.6101,2317.1699,2145390000
2010-01-11,2324.78,2326.28,2302.21,2312.4099,2077890000
2010-01-12,2297.28,2298.8501,2272.7,2282.3101,2368320000
2010-01-13,2289.46,2313.03,2274.1201,2307.8999,2318350000
2010-01-14,2303.3101,2322.5601,2303.29,2316.74,2254170000
2010-01-15,2316.98,2322.54,2279.2,2287.99,2637770000
2010-01-19,2291.02,2320.3999,2290.6799,2320.3999,2045290000
2010-01-20,2304.3101,2304.47,2268.6799,2291.25,2351890000
2010-01-21,2298.23,2308.98,2259.8201,2265.7,2877800000
2010-01-22,2255.76,2262.27,2200.3701,2205.29,2817620000
2010-01-25,2220.29,2223.22,2201.1699,2210.8,2134350000
2010-01-26,2203.4399,2227.8899,2195.4399,2203.73,2361260000
2010-01-27,2200.3,2225.6699,2192.5901,2221.4099,2492880000
2010-01-28,2220.3101,2220.8701,2166.8999,2179.0,2829640000
2010-01-29,2198.26,2202.8401,2140.3401,2147.3501,3090580000
2010-02-01,2155.8101,2171.2,2152.26,2171.2,2234140000
2010-02-02,2171.6599,2193.6599,2161.47,2190.0601,2468470000
2010-02-03,2181.01,2194.53,2176.75,2190.9099,2303350000
2010-02-04,2176.3899,2178.25,2125.4299,2125.4299,2801390000
2010-02-05,2131.9199,2142.27,2100.1699,2141.1201,2811100000
2010-02-08,2140.1001,2152.6399,2125.1101,2126.05,2036280000
2010-02-09,2153.1001,2166.1599,2132.5801,2150.8701,2296420000
2010-02-10,2147.46,2156.3601,2131.0801,2147.8701,2059940000
2010-02-11,2145.0901,2179.54,2134.1399,2177.4099,2141260000
2010-02-12,2157.6899,2184.5701,2151.99,2183.53,2236180000
2010-02-16,2200.3799,2214.1899,2189.1799,2214.1899,2072850000
2010-02-17,2222.8701,2226.3201,2212.78,2226.29,2103530000
2010-02-18,2223.22,2243.5,2221.1399,2241.71,2076820000
2010-02-19,2233.3301,2249.8,2228.9299,2243.8701,2166660000
2010-02-22,2250.9199,2251.6799,2235.6499,2242.03,1976290000
2010-02-23,2238.01,2239.8,2205.7,2213.4399,2310910000
2010-02-24,2222.3999,2241.6899,2221.28,2235.8999,2155810000
2010-02-25,2208.6201,2236.21,2198.73,2234.22,2300530000
2010-02-26,2234.4399,2242.8301,2222.23,2238.26,2283430000
2010-03-01,2247.3999,2274.02,2247.3301,2273.5701,2504940000
2010-03-02,2279.0701,2292.49,2275.3501,2280.79,2831870000
2010-03-03,2284.8201,2293.3201,2275.25,2280.6799,2603510000
2010-03-04,2282.5701,2293.1599,2273.6299,2292.3101,2186020000
2010-03-05,2304.01,2327.03,2301.1001,2326.3501,2411880000
2010-03-08,2326.25,2335.4299,2326.1101,2332.21,2312310000
2010-03-09,2325.78,2353.0701,2325.74,2340.6799,2620360000
2010-03-10,2340.95,2361.6599,2340.6899,2358.95,2554740000
2010-03-11,2351.1101,2368.46,2347.53,2368.46,2256790000
2010-03-12,2376.0701,2376.28,2358.0801,2367.6599,2098780000
2010-03-15,2361.9199,2367.3999,2345.99,2362.21,1956170000
2010-03-16,2367.3201,2378.8401,2360.6699,2378.01,2201880000
2010-03-17,2381.6499,2400.0901,2381.47,2389.0901,2281410000
2010-03-18,2387.54,2393.8701,2383.26,2391.28,2173060000
2010-03-19,2391.2,2396.9199,2364.53,2374.4099,3055760000
2010-03-22,2360.3501,2401.21,2358.0,2395.3999,2448130000
2010-03-23,2397.8999,2416.51,2390.04,2415.24,2465230000
2010-03-24,2406.72,2408.6399,2396.9199,2398.76,2436100000
2010-03-25,2415.24,2432.25,2397.3601,2397.4099,2704870000
2010-03-26,2406.73,2412.9199,2384.6899,2395.1299,2367930000
2010-03-29,2403.77,2411.1799,2398.3999,2404.3601,1967850000
2010-03-30,2406.6899,2417.3601,2395.8,2410.6899,2147270000
2010-03-31,2402.98,2415.4399,2395.3401,2397.96,2368690000
2010-04-01,2411.6799,2423.4299,2383.77,2402.5801,2340270000
2010-04-05,2409.48,2429.6101,2403.8799,2429.53,2130340000
2010-04-06,2420.3301,2443.5,2417.77,2436.8101,2220390000
2010-04-07,2433.1001,2442.27,2418.73,2431.1599,2984850000
2010-04-08,2423.99,2441.1201,2413.74,2436.8101,2428900000
2010-04-09,2441.3101,2454.1201,2432.9299,2454.05,2215530000
2010-04-12,2455.3999,2463.1699,2450.1499,2457.8701,2161650000
2010-04-13,2454.95,2467.9399,2445.26,2465.99,2665420000
2010-04-14,2481.8,2504.8601,2480.4299,2504.8601,3143270000
2010-04-15,2503.4099,2517.8201,2502.51,2515.6899,2840660000
2010-04-16,2505.3799,2510.0601,2467.6799,2481.26,2960950000
2010-04-19,2477.8,2487.6699,2451.72,2480.1101,2223650000
2010-04-20,2492.72,2501.25,2480.7,2500.3101,2157100000
2010-04-21,2506.6101,2510.5,2490.1899,2504.6101,2715900000
2010-04-22,2483.52,2521.02,2468.26,2519.0701,2800840000
2010-04-23,2514.8501,2530.1499,2507.6001,2530.1499,2517010000
2010-04-26,2529.8501,2535.28,2521.51,2522.95,2491040000
2010-04-27,2512.5801,2525.7,2466.53,2471.47,2864810000
2010-04-28,2483.03,2484.1499,2456.6299,2471.73,2755190000
2010-04-29,2487.3301,2513.6899,2483.5,2511.9199,3069640000
2010-04-30,2509.99,2514.3701,2461.0901,2461.1899,2841130000
2010-05-03,2472.3201,2503.0,2472.3201,2498.74,2398370000
2010-05-04,2465.55,2465.55,2411.28,2424.25,3052590000
2010-05-05,2395.21,2421.05,2382.0701,2402.29,3041480000
2010-05-06,2391.21,2407.79,2185.75,2319.6399,4553600000
2010-05-07,2308.71,2330.6499,2228.0601,2265.6399,4227720000
2010-05-10,2365.97,2379.8701,2349.3999,2374.6699,2871800000
2010-05-11,2347.7,2405.26,2345.5,2375.3101,2548840000
2010-05-12,2388.6399,2426.47,2384.6899,2425.02,2351900000
2010-05-13,2416.3601,2434.29,2387.5901,2394.3601,2375250000
2010-05-14,2373.8799,2374.53,2323.6299,2346.8501,2653020000
2010-05-17,2352.77,2364.6499,2304.28,2354.23,2434480000
2010-05-18,2372.8401,2374.9099,2309.22,2317.26,2490310000
2010-05-19,2307.78,2324.99,2270.6201,2298.3701,2646160000
2010-05-20,2245.5601,2253.04,2203.5,2204.01,3420420000
2010-05-21,2169.5801,2243.0,2165.79,2229.04,3389670000
2010-05-24,2220.6001,2244.6699,2212.3701,2213.55,2150020000
2010-05-25,2157.45,2211.9399,2140.53,2210.95,2946380000
2010-05-26,2226.24,2257.3301,2190.4399,2195.8799,3077300000
2010-05-27,2244.8201,2278.3701,2239.72,2277.6799,2408220000
2010-05-28,2275.1899,2277.1001,2241.52,2257.04,2165590000
2010-06-01,2244.79,2277.3899,2220.8899,2222.3301,2167810000
2010-06-02,2234.5901,2281.0701,2221.0701,2281.0701,2190140000
2010-06-03,2285.76,2307.47,2274.8799,2303.03,2249050000
2010-06-04,2257.05,2278.5801,2212.3,2219.1699,2342480000
2010-06-07,2226.6001,2232.8899,2172.25,2173.8999,2256670000
2010-06-08,2176.0701,2183.1001,2139.46,2170.5701,2696580000
2010-06-09,2184.78,2208.6499,2152.6699,2158.8501,2325060000
2010-06-10,2188.71,2219.6499,2185.98,2218.71,2187840000
2010-06-11,2199.3999,2243.6001,2196.9099,2243.6001,1877120000
2010-06-14,2263.6599,2278.96,2242.0,2243.96,1951910000
2010-06-15,2256.48,2307.98,2256.4399,2305.8799,2289060000
2010-06-16,2293.5601,2317.75,2290.26,2305.9299,1936400000
2010-06-17,2316.5901,2318.27,2288.5901,2307.1599,1821680000
2010-06-18,2308.9399,2321.99,2301.48,2309.8,2037230000
2010-06-21,2341.1101,2341.1101,2277.73,2289.0901,1910700000
2010-06-22,2296.8301,2313.72,2259.5901,2261.8,1934450000
2010-06-23,2264.4099,2271.74,2236.99,2254.23,1929450000
2010-06-24,2246.2,2247.4199,2213.5,2217.4199,2064360000
2010-06-25,2224.73,2240.8799,2205.9199,2223.48,3540350000
2010-06-28,2227.4299,2241.6399,2208.3701,2220.6499,1876740000
2010-06-29,2183.9199,2185.3,2122.6699,2135.1799,2827090000
2010-06-30,2134.03,2153.3601,2105.26,2109.24,2221560000
2010-07-01,2110.75,2117.9399,2061.1399,2101.3601,2717070000
2010-07-02,2105.5,2110.6599,2077.71,2091.79,1672320000
2010-07-06,2122.28,2136.3,2077.77,2093.8799,2173030000
2010-07-07,2099.6599,2159.79,2098.1101,2159.47,2199500000
2010-07-08,2174.96,2181.3,2150.1899,2175.3999,2034030000
2010-07-09,2174.2,2196.95,2170.76,2196.45,1592610000
2010-07-12,2194.1201,2213.3899,2183.52,2198.3601,1767970000
2010-07-13,2221.25,2248.1599,2212.97,2242.03,2278480000
2010-07-14,2246.99,2260.3301,2235.1499,2249.8401,2213010000
2010-07-15,2247.76,2253.3301,2218.9199,2249.0801,2011600000
2010-07-16,2231.71,2236.6599,2177.51,2179.05,2195150000
2010-07-19,2185.8101,2201.29,2171.2,2198.23,1735090000
2010-07-20,2165.3501,2222.6101,2159.95,2222.49,1933270000
2010-07-21,2236.1299,2236.3701,2183.22,2187.3301,2222030000
2010-07-22,2216.04,2251.4199,2216.04,2245.8899,2213220000
2010-07-23,2234.3401,2269.47,2227.5,2269.47,2410600000
2010-07-26,2271.6201,2296.4299,2262.96,2296.4299,2164280000
2010-07-27,2306.6201,2307.6001,2280.72,2288.25,2065390000
2010-07-28,2284.6201,2292.24,2257.76,2264.5601,1848520000
2010-07-29,2279.0701,2282.9399,2228.52,2251.6899,2324590000
2010-07-30,2227.29,2264.8101,2218.6101,2254.7,2138610000
2010-08-02,2283.3201,2299.24,2274.27,2295.3601,1953200000
2010-08-03,2291.75,2295.03,2272.3301,2283.52,1997030000
2010-08-04,2291.0901,2305.0701,2283.21,2303.5701,2021980000
2010-08-05,2291.22,2298.8601,2281.6799,2293.0601,1774300000
2010-08-06,2267.4199,2291.1499,2253.9199,2288.47,1876630000
2010-08-09,2298.8101,2309.4299,2289.03,2305.6899,1614580000
2010-08-10,2280.0601,2290.51,2261.5,2277.1699,2039590000
2010-08-11,2236.9299,2236.9299,2204.9399,2208.6299,2274460000
2010-08-12,2164.6399,2197.97,2163.0701,2190.27,2189680000
2010-08-13,2183.0901,2190.27,2173.48,2173.48,1605040000
2010-08-16,2161.3101,2193.8401,2155.6599,2181.8701,1627620000
2010-08-17,2197.0901,2225.0801,2193.4199,2209.4399,1736870000
2010-08-18,2205.3,2228.8999,2196.1101,2215.7,1654560000
2010-08-19,2204.8,2211.73,2168.74,2178.95,2094800000
2010-08-20,2172.26,2182.6699,2159.54,2179.76,1898500000
2010-08-23,2188.3401,2200.52,2159.4399,2159.6299,1665900000
2010-08-24,2131.0,2144.2,2113.71,2123.76,2141650000
2010-08-25,2109.1499,2148.3501,2102.26,2141.54,2019480000
2010-08-26,2148.49,2154.3201,2116.8201,2118.6899,1804510000
2010-08-27,2134.1599,2154.99,2099.29,2153.6299,2134550000
2010-08-30,2145.76,2154.47,2119.9299,2119.97,1585200000
2010-08-31,2109.76,2128.8999,2101.52,2114.03,2084110000
2010-09-01,2142.75,2177.5,2141.95,2176.8401,2133970000
2010-09-02,2178.99,2200.01,2173.71,2200.01,1680590000
2010-09-03,2227.96,2235.5701,2213.5601,2233.75,1647790000
2010-09-07,2227.26,2231.28,2206.6201,2208.8899,1685240000
2010-09-08,2216.0701,2237.4199,2215.8999,2228.8701,2018210000
2010-09-09,2251.0901,2251.98,2229.8,2236.2,1706650000
2010-09-10,2239.0801,2246.6001,2229.1201,2242.48,1692470000
2010-09-13,2263.8,2289.49,2263.6899,2285.71,1937630000
2010-09-14,2281.3101,2302.5701,2274.5701,2289.77,2079030000
2010-09-15,2283.1699,2304.6001,2276.3201,2301.3201,2067130000
2010-09-16,2297.51,2304.95,2288.71,2303.25,1809280000
2010-09-17,2318.4199,2320.3701,2301.8201,2315.6101,2432480000
2010-09-20,2322.8,2358.8999,2317.8899,2355.8301,1989520000
2010-09-21,2355.27,2366.76,2341.8201,2349.3501,2125100000
2010-09-22,2339.9099,2355.9099,2323.55,2334.55,2170210000
2010-09-23,2316.71,2353.79,2316.1101,2327.0801,1923110000
2010-09-24,2356.26,2381.22,2353.5,2381.22,1993380000
2010-09-27,2379.73,2386.01,2368.6499,2369.77,1873120000
2010-09-28,2373.1299,2383.6699,2339.5,2379.5901,2125730000
2010-09-29,2372.3701,2382.1499,2366.1899,2376.5601,2077930000
2010-09-30,2390.96,2400.0601,2354.22,2368.6201,2418300000
2010-10-01,2386.8201,2389.45,2359.3201,2370.75,1932650000
2010-10-04,2362.25,2370.8701,2332.46,2344.52,1901980000
2010-10-05,2368.52,2402.4199,2366.0601,2399.8301,2203470000
2010-10-06,2395.1599,2399.1299,2368.4299,2380.6599,2103800000
2010-10-07,2391.6299,2392.74,2368.25,2383.6699,1846240000
2010-10-08,2384.76,2406.6699,2370.53,2401.9099,2000980000
2010-10-11,2403.46,2413.03,2397.5701,2402.3301,1539990000
2010-10-12,2397.7,2421.79,2379.3899,2417.9199,1960920000
2010-10-13,2432.55,2452.54,2426.52,2441.23,2294450000
2010-10-14,2441.21,2445.8501,2422.0701,2435.3799,2014540000
2010-10-15,2461.7,2468.77,2438.03,2468.77,2232810000
2010-10-18,2470.1201,2480.95,2462.55,2480.6599,1724710000
2010-10-19,2442.21,2462.9399,2422.1399,2436.95,2241840000
2010-10-20,2443.2,2469.72,2441.0701,2457.3899,2016770000
2010-10-21,2470.72,2482.1399,2436.3401,2459.6699,2135480000
2010-10-22,2461.6001,2479.3899,2459.4299,2479.3899,1648180000
2010-10-25,2491.6201,2507.03,2490.1101,2490.8501,1746320000
2010-10-26,2476.51,2503.03,2470.1201,2497.29,1914350000
2010-10-27,2484.0901,2505.3501,2478.01,2503.26,2013240000
2010-10-28,2516.1599,2516.2,2489.76,2507.3701,1998340000
2010-10-29,2505.99,2517.5,2505.8601,2507.4099,2068700000
2010-11-01,2520.45,2532.3701,2491.46,2504.8401,1904790000
2010-11-02,2525.9399,2534.8799,2518.29,2533.52,1914980000
2010-11-03,2532.8301,2541.4199,2511.3101,2540.27,1990410000
2010-11-04,2569.27,2579.6201,2564.05,2577.3401,2492050000
2010-11-05,2577.6299,2582.1799,2568.78,2578.98,2092850000
2010-11-08,2570.8601,2583.3,2566.78,2580.05,1799330000
2010-11-09,2587.0801,2592.9399,2552.9299,2562.98,2157370000
2010-11-10,2564.3101,2578.78,2545.46,2578.78,1998930000
2010-11-11,2534.24,2559.99,2524.1201,2555.52,2559980000
2010-11-12,2540.47,2552.24,2506.3999,2518.21,2191790000
2010-11-15,2529.02,2534.5601,2512.29,2513.8201,1852210000
2010-11-16,2494.21,2503.29,2459.79,2469.8401,2234090000
2010-11-17,2471.27,2486.1599,2467.1899,2476.01,1816260000
2010-11-18,2504.4099,2526.8301,2502.5,2514.3999,2046660000
2010-11-19,2510.79,2520.9399,2499.9199,2518.1201,1839670000
2010-11-22,2509.3899,2532.02,2501.3,2532.02,1850570000
2010-11-23,2504.21,2510.0901,2483.1599,2494.95,1892260000
2010-11-24,2519.8899,2545.4099,2519.8899,2543.1201,1634640000
2010-11-26,2525.9099,2541.49,2522.3999,2534.5601,623980000
2010-11-29,2522.24,2531.03,2496.8301,2525.22,1683260000
2010-11-30,2497.1201,2510.71,2488.6101,2498.23,2317480000
2010-12-01,2535.1899,2558.29,2535.1899,2549.4299,2109940000
2010-12-02,2553.6799,2580.5901,2551.8201,2579.3501,2038130000
2010-12-03,2569.02,2593.6799,2567.8799,2591.46,1810400000
2010-12-06,2591.28,2599.1899,2584.0901,2594.9199,1617030000
2010-12-07,2623.1499,2623.6001,2597.45,2598.49,1906290000
2010-12-08,2604.5701,2612.3701,2592.8899,2609.1599,1763460000
2010-12-09,2623.1499,2624.8401,2606.24,2616.6699,1924980000
2010-12-10,2623.28,2639.4099,2615.4199,2637.54,1736730000
2010-12-13,2645.3501,2645.79,2624.5601,2624.9099,1835330000
2010-12-14,2631.3401,2636.8501,2621.05,2627.72,1853270000
2010-12-15,2625.8101,2643.1101,2613.1499,2617.22,1863980000
2010-12-16,2620.5601,2639.6799,2613.72,2637.3101,1735290000
2010-12-17,2643.3501,2651.3501,2637.0801,2642.97,2421830000
2010-12-20,2651.98,2658.8,2634.5601,2649.5601,1707950000
2010-12-21,2658.9399,2669.01,2655.95,2667.6101,1647550000
2010-12-22,2669.0,2675.26,2666.6299,2671.48,1614040000
2010-12-23,2667.4199,2671.6299,2661.1699,2665.6001,1270290000
2010-12-27,2657.0901,2670.5701,2645.3799,2667.27,1097100000
2010-12-28,2671.8501,2673.02,2658.21,2662.8799,1130200000
2010-12-29,2667.1799,2671.23,2664.51,2666.9299,1122150000
2010-12-30,2665.6799,2671.1101,2661.8301,2662.98,1074350000
2010-12-31,2660.5801,2662.3899,2649.04,2652.8701,1026600000
2011-01-03,2676.6499,2704.8601,2676.3401,2691.52,1919660000
2011-01-04,2699.8601,2700.8799,2663.6399,2681.25,2015440000
2011-01-05,2673.9099,2702.2,2671.8899,2702.2,2060750000
2011-01-06,2704.3799,2712.3501,2697.73,2709.8899,2095490000
2011-01-07,2712.75,2715.96,2676.3601,2703.1699,1976220000
2011-01-10,2691.47,2712.3201,2682.25,2707.8,1868870000
2011-01-11,2719.6001,2722.75,2706.5801,2716.8301,1893100000
2011-01-12,2731.45,2737.3301,2722.3201,2737.3301,1873960000
2011-01-13,2734.9299,2742.4299,2727.1399,2735.29,1923900000
2011-01-14,2732.48,2755.3,2729.6201,2755.3,2020210000
2011-01-18,2744.8,2766.1699,2744.26,2765.8501,2020190000
2011-01-19,2762.8101,2764.3501,2717.79,2725.3601,2130930000
2011-01-20,2712.3999,2714.1001,2686.5901,2704.29,2323250000
2011-01-21,2716.9199,2722.74,2688.53,2689.54,1916960000
2011-01-24,2693.03,2719.73,2687.97,2717.55,1871300000
2011-01-25,2704.25,2719.3401,2697.51,2719.25,1936120000
2011-01-26,2724.52,2746.03,2717.6299,2739.5,2031410000
2011-01-27,2745.1599,2763.6399,2740.3,2755.28,2020550000
2011-01-28,2755.28,2755.28,2679.5701,2686.8899,2371140000
2011-01-31,2693.3,2706.3,2676.8701,2700.0801,1952310000
2011-02-01,2717.6101,2755.97,2716.6399,2751.1899,2255990000
2011-02-02,2744.6799,2758.51,2743.76,2749.5601,2024600000
2011-02-03,2746.74,2757.54,2725.78,2753.8799,1941260000
2011-02-04,2755.8501,2769.7,2747.8601,2769.3,1956710000
2011-02-07,2773.26,2796.5,2772.8101,2783.99,1768090000
2011-02-08,2782.4099,2797.05,2776.3501,2797.05,1803010000
2011-02-09,2791.1299,2798.9099,2780.8899,2789.0701,1930820000
2011-02-10,2764.76,2791.4299,2762.3401,2790.45,2497540000
2011-02-11,2783.1599,2810.5601,2778.21,2809.4399,2066700000
2011-02-14,2810.1899,2819.8701,2808.27,2817.1799,1964780000
2011-02-15,2809.02,2813.1299,2798.8301,2804.3501,2006220000
2011-02-16,2815.0901,2828.1899,2811.52,2825.5601,2276980000
2011-02-17,2816.1201,2835.2,2815.0801,2831.5801,1939320000
2011-02-18,2833.3501,2840.51,2823.6499,2833.95,2109460000
2011-02-22,2795.4399,2808.1799,2752.75,2756.4199,2262100000
2011-02-23,2755.2,2761.7,2705.54,2722.99,2479150000
2011-02-24,2726.5901,2745.29,2707.8,2737.8999,2065290000
2011-02-25,2752.1599,2781.1201,2751.8101,2781.05,1867820000
2011-02-28,2791.28,2798.4299,2767.6101,2782.27,2009500000
2011-03-01,2791.0801,2791.23,2730.72,2737.4099,2212860000
2011-03-02,2735.05,2763.95,2734.0801,2748.0701,1986900000
2011-03-03,2774.48,2802.3201,2774.48,2798.74,1990380000
2011-03-04,2797.6399,2798.0701,2768.1201,2784.6699,1897900000
2011-03-07,2793.1899,2794.8201,2724.51,2745.6299,2189970000
2011-03-08,2745.23,2775.4099,2729.8501,2765.77,1835540000
2011-03-09,2756.3401,2761.77,2737.6799,2751.72,1996700000
2011-03-10,2719.29,2721.21,2695.0801,2701.02,2363330000
2011-03-11,2689.6499,2724.6101,2689.4099,2715.6101,1851810000
2011-03-14,2695.6599,2715.22,2682.0901,2700.97,1782070000
2011-03-15,2619.3999,2680.5701,2618.5,2667.3301,2359830000
2011-03-16,2652.9199,2669.27,2603.5,2616.8201,2596000000
2011-03-17,2656.0801,2660.5,2634.1699,2636.05,1994360000
2011-03-18,2665.54,2665.5601,2639.76,2643.6699,1986900000
2011-03-21,2675.47,2699.7,2674.99,2692.0901,1751060000
2011-03-22,2692.1299,2695.46,2679.4099,2683.8701,1657430000
2011-03-23,2677.5601,2704.3,2660.1699,2698.3,1769950000
2011-03-24,2715.8799,2740.3899,2703.4199,2736.4199,1954180000
2011-03-25,2746.3401,2762.55,2740.1699,2743.0601,1857570000
2011-03-28,2752.3301,2754.6299,2730.6799,2730.6799,1669260000
2011-03-29,2727.8301,2756.8899,2720.1899,2756.8899,1631160000
2011-03-30,2772.3601,2779.95,2763.77,2776.79,1818410000
2011-03-31,2774.23,2783.98,2769.52,2781.0701,1896420000
2011-04-01,2796.6699,2802.6299,2779.71,2789.6001,2090120000
2011-04-04,2796.26,2799.73,2778.8701,2789.1899,1705920000
2011-04-05,2787.78,2806.2,2785.27,2791.1899,1954520000
2011-04-06,2808.1101,2815.55,2786.8,2799.8201,1996750000
2011-04-07,2799.5901,2813.22,2781.1299,2796.1399,1806900000
2011-04-08,2806.29,2808.5601,2771.4199,2780.4199,1650810000
2011-04-11,2789.49,2792.95,2760.8401,2771.51,2053190000
2011-04-12,2755.8899,2760.6201,2737.0701,2744.79,1818610000
2011-04-13,2762.6899,2772.05,2744.8501,2761.52,1744940000
2011-04-14,2743.1201,2762.1799,2733.6799,2760.22,1717650000
2011-04-15,2752.8701,2769.29,2743.75,2764.6499,1785050000
2011-04-18,2731.22,2737.46,2706.5,2735.3799,1786230000
2011-04-19,2741.3501,2746.1799,2727.1201,2744.97,1675970000
2011-04-20,2788.8401,2802.99,2785.98,2802.51,2094470000
2011-04-21,2820.77,2820.77,2808.55,2820.1599,2094470000
2011-04-25,2820.28,2826.26,2813.2,2825.8799,1480600000
2011-04-26,2832.48,2856.6101,2829.0,2847.54,2057740000
2011-04-27,2853.8799,2870.8,2842.6101,2869.8799,2071380000
2011-04-28,2862.8201,2874.5901,2859.6201,2872.53,1983630000
2011-04-29,2869.74,2876.8301,2863.04,2873.54,2455650000
2011-05-02,2881.28,2887.75,2859.8401,2864.0801,2062630000
2011-05-03,2859.3,2861.95,2825.5,2841.6201,2214380000
2011-05-04,2842.9199,2848.1599,2808.79,2828.23,2209580000
2011-05-05,2812.8401,2845.8501,2804.8201,2814.72,2227690000
2011-05-06,2840.71,2859.25,2818.6499,2827.5601,2043740000
2011-05-09,2828.24,2850.3899,2823.6699,2843.25,1649110000
2011-05-10,2851.9099,2873.6399,2850.01,2871.8899,2018000000
2011-05-11,2867.1599,2874.6101,2829.6799,2845.0601,2258770000
2011-05-12,2833.6699,2865.8601,2819.3701,2863.04,2209650000
2011-05-13,2859.7,2861.51,2827.51,2828.47,1917050000
2011-05-16,2815.8999,2828.1399,2779.54,2782.3101,2066020000
2011-05-17,2769.1699,2783.6101,2759.29,2783.21,2220440000
2011-05-18,2782.6499,2817.1499,2780.8301,2815.0,1875150000
2011-05-19,2824.05,2828.4099,2805.1201,2823.3101,1753390000
2011-05-20,2815.96,2821.4399,2796.27,2803.3201,1780140000
2011-05-23,2761.96,2770.51,2750.6399,2758.8999,1795680000
2011-05-24,2766.7,2767.5,2744.01,2746.1599,1875370000
2011-05-25,2739.99,2771.3799,2739.8501,2761.3799,1894510000
2011-05-26,2756.3101,2787.3301,2756.0601,2782.9199,1904400000
2011-05-27,2789.02,2801.1499,2788.29,2796.8601,1641320000
2011-05-31,2824.25,2835.3401,2808.6001,2835.3,2450090000
2011-06-01,2829.3899,2834.05,2767.6299,2769.1899,2254850000
2011-06-02,2773.76,2784.5701,2759.1699,2773.3101,1919030000
2011-06-03,2740.49,2762.5601,2730.6299,2732.78,1936400000
2011-06-06,2728.3101,2736.6599,2702.2,2702.5601,1878150000
2011-06-07,2712.79,2723.3201,2701.1699,2701.5601,1847300000
2011-06-08,2693.6899,2698.0801,2671.0901,2675.3799,2089320000
2011-06-09,2678.52,2696.6899,2670.02,2684.8701,1704960000
2011-06-10,2675.1001,2676.72,2641.6399,2643.73,1972000000
2011-06-13,2649.3,2657.77,2629.6101,2639.6899,1847050000
2011-06-14,2662.73,2685.6499,2662.73,2678.72,1701300000
2011-06-15,2653.1699,2669.75,2625.8601,2631.46,1982430000
2011-06-16,2631.98,2642.6499,2599.8601,2623.7,1958250000
2011-06-17,2646.29,2648.54,2608.99,2616.48,2393690000
2011-06-20,2608.05,2636.55,2607.74,2629.6599,1625850000
2011-06-21,2640.3301,2688.5,2634.04,2687.26,1882490000
2011-06-22,2677.1799,2693.23,2668.3501,2669.1899,1617370000
2011-06-23,2638.6001,2688.0701,2627.47,2686.75,2060450000
2011-06-24,2681.1001,2682.4099,2647.46,2652.8899,2842870000
2011-06-27,2653.0701,2697.3401,2647.55,2688.28,1710740000
2011-06-28,2694.26,2729.9399,2692.45,2729.3101,1682590000
2011-06-29,2736.76,2746.6201,2722.26,2740.49,1804490000
2011-06-30,2749.3701,2776.5601,2749.1101,2773.52,1859130000
2011-07-01,2775.0801,2818.1899,2769.0601,2816.03,1646380000
2011-07-05,2817.8701,2828.53,2810.0,2825.77,1556620000
2011-07-06,2821.4199,2838.8501,2812.8,2834.02,1639490000
2011-07-07,2856.25,2878.9399,2853.8999,2872.6599,1873710000
2011-07-08,2841.29,2860.02,2831.1599,2859.8101,1612120000
2011-07-11,2828.1001,2841.1201,2795.54,2802.6201,1765920000
2011-07-12,2798.75,2807.5701,2780.1599,2781.9099,2015410000
2011-07-13,2800.8799,2825.8601,2789.5701,2796.9199,1885510000
2011-07-14,2804.8201,2817.3799,2755.8999,2762.6699,1946500000
2011-07-15,2787.3301,2790.1599,2768.28,2789.8,1804380000
2011-07-18,2777.6101,2783.76,2743.79,2765.1101,1752220000
2011-07-19,2790.98,2828.6499,2790.98,2826.52,1882760000
2011-07-20,2839.3899,2839.6499,2808.1799,2814.23,1863670000
2011-07-21,2818.79,2847.4099,2807.71,2834.4299,2284150000
2011-07-22,2834.46,2862.72,2830.5801,2858.8301,1665220000
2011-07-25,2832.1101,2859.3999,2828.9099,2842.8,1613240000
2011-07-26,2842.74,2851.72,2832.27,2839.96,1739980000
2011-07-27,2823.6201,2823.8601,2761.0,2764.79,2367470000
2011-07-28,2765.6101,2800.1101,2757.8501,2766.25,2067020000
2011-07-29,2736.6699,2780.5801,2724.99,2756.3799,2301210000
2011-08-01,2791.45,2796.24,2716.3,2744.6101,2209790000
2011-08-02,2728.29,2745.8701,2668.6799,2669.24,2377250000
2011-08-03,2673.97,2695.3701,2621.6699,2693.0701,2601310000
2011-08-04,2648.3799,2653.79,2556.3799,2556.3899,3272990000
2011-08-05,2580.3,2592.04,2464.8701,2532.4099,3750150000
2011-08-08,2447.3,2489.3899,2357.6899,2357.6899,3987990000
2011-08-09,2402.1299,2483.6599,2331.6499,2482.52,3803050000
2011-08-10,2425.55,2461.28,2378.0801,2381.05,3397010000
2011-08-11,2415.54,2516.3899,2399.5601,2492.6799,3134140000
2011-08-12,2507.01,2524.0901,2481.5,2507.98,2232470000
2011-08-15,2522.04,2555.2,2514.52,2555.2,1945850000
2011-08-16,2526.48,2546.74,2494.55,2523.45,2074370000
2011-08-17,2527.79,2549.1101,2488.0901,2511.48,1913320000
2011-08-18,2436.3799,2437.01,2362.97,2380.4299,2775580000
2011-08-19,2353.3201,2415.1799,2338.6599,2341.8401,2385300000
2011-08-22,2396.8799,2397.3401,2337.28,2345.3799,1957230000
2011-08-23,2360.95,2446.0601,2349.0801,2446.0601,2147270000
2011-08-24,2437.48,2470.8,2420.48,2467.6899,1888640000
2011-08-25,2470.96,2482.8999,2415.24,2419.6299,1789230000
2011-08-26,2408.79,2486.04,2385.27,2479.8501,1852130000
2011-08-29,2510.99,2562.5801,2510.1299,2562.1101,1615510000
2011-08-30,2547.0701,2589.53,2534.6799,2576.1101,1871800000
2011-08-31,2589.75,2611.5801,2557.74,2579.46,1995490000
2011-09-01,2583.3401,2604.5,2543.5601,2546.04,1742440000
2011-09-02,2497.28,2512.78,2469.3501,2480.3301,1571530000
2011-09-06,2417.6101,2477.77,2414.3101,2473.8301,1737170000
2011-09-07,2511.5,2548.9399,2507.52,2548.9399,1791480000
2011-09-08,2533.8101,2568.45,2520.8,2529.1399,1979990000
2011-09-09,2508.1201,2518.3999,2452.9299,2467.99,2054190000
2011-09-12,2442.8601,2495.3601,2438.3999,2495.0901,1980350000
2011-09-13,2502.5901,2537.3999,2494.0701,2532.1499,1931390000
2011-09-14,2548.45,2600.78,2519.8,2572.55,2323770000
2011-09-15,2595.45,2608.95,2569.78,2607.0701,1967730000
2011-09-16,2607.1201,2627.28,2600.96,2622.3101,2703730000
2011-09-19,2584.3501,2627.3401,2564.46,2612.8301,1891770000
2011-09-20,2623.8899,2643.3701,2589.52,2590.24,1914990000
2011-09-21,2601.0601,2613.29,2537.46,2538.1899,2172030000
2011-09-22,2466.0601,2494.3101,2420.23,2455.6699,2919330000
2011-09-23,2438.6299,2490.72,2438.28,2483.23,1975200000
2011-09-26,2496.98,2518.9099,2446.1201,2516.6899,1982710000
2011-09-27,2560.78,2590.9399,2532.6499,2546.8301,2095620000
2011-09-28,2557.8601,2569.79,2491.0701,2491.5801,1929310000
2011-09-29,2535.52,2538.97,2433.5801,2480.76,2290370000
2011-09-30,2444.77,2468.98,2415.0701,2415.3999,2041370000
2011-10-03,2401.1899,2430.8799,2335.23,2335.8301,2547690000
2011-10-04,2312.6799,2406.6699,2298.8899,2404.8201,3040940000
2011-10-05,2398.3701,2466.5,2380.96,2460.51,2472400000
2011-10-06,2459.05,2507.4399,2446.72,2506.8201,2249140000
2011-10-07,2509.6101,2512.1399,2468.6001,2479.3501,2084900000
2011-10-10,2522.72,2566.05,2519.78,2566.05,1574750000
2011-10-11,2554.7,2587.28,2551.9399,2583.03,1661400000
2011-10-12,2606.6101,2629.49,2602.3101,2604.73,1967190000
2011-10-13,2595.05,2625.22,2588.71,2620.24,1675220000
2011-10-14,2655.23,2667.8501,2636.0,2667.8501,1664350000
2011-10-17,2653.3201,2658.25,2606.9099,2614.9199,1675210000
2011-10-18,2614.05,2667.5701,2586.3101,2657.4299,1931690000
2011-10-19,2642.8899,2651.8799,2597.77,2604.04,1980180000
2011-10-20,2605.4199,2606.3899,2557.1699,2598.6201,2040180000
2011-10-21,2630.3,2646.9199,2611.1101,2637.46,2019950000
2011-10-24,2644.8301,2703.0701,2643.9399,2699.4399,1884450000
2011-10-25,2685.8601,2685.8799,2633.9399,2638.4199,1777770000
2011-10-26,2660.4199,2666.29,2598.74,2650.6699,2118650000
2011-10-27,2720.5901,2753.3701,2694.27,2738.6299,2810680000
2011-10-28,2724.03,2742.27,2723.03,2737.1499,1838530000
2011-10-31,2705.8899,2716.7,2684.1299,2684.4099,1772560000
2011-11-01,2607.3101,2638.6001,2597.1599,2606.96,2294220000
2011-11-02,2637.5601,2648.46,2613.74,2639.98,1921790000
2011-11-03,2666.21,2699.8401,2628.22,2697.97,2106240000
2011-11-04,2678.1599,2693.6699,2655.1201,2686.1499,1930750000
2011-11-07,2683.3799,2697.02,2649.0601,2695.25,1712700000
2011-11-08,2712.0801,2730.3899,2680.9299,2727.49,1850270000
2011-11-09,2662.5601,2672.3401,2617.9299,2621.6499,2144160000
2011-11-10,2652.01,2652.3999,2601.79,2625.1499,1892390000
2011-11-11,2653.53,2684.6699,2649.8501,2678.75,1602640000
2011-11-14,2671.1101,2682.1299,2647.48,2657.22,1401710000
2011-11-15,2647.9099,2695.8701,2644.0,2686.2,1706960000
2011-11-16,2661.0901,2688.8601,2637.9099,2639.6101,1950030000
2011-11-17,2637.3701,2637.48,2576.22,2587.99,2197320000
2011-11-18,2595.02,2595.8401,2567.1499,2572.5,1755360000
2011-11-21,2535.3401,2539.8701,2500.8899,2523.1399,2048520000
2011-11-22,2517.6399,2534.3999,2499.1899,2521.28,1792060000
2011-11-23,2501.1799,2503.3799,2460.0801,2460.0801,1707770000
2011-11-25,2453.03,2477.03,2441.48,2441.51,691750000
2011-11-28,2509.6299,2531.3201,2507.72,2527.3401,1626060000
2011-11-29,2529.1101,2542.46,2508.27,2515.51,1623550000
2011-11-30,2586.3899,2620.3401,2582.49,2620.3401,2440960000
2011-12-01,2615.6699,2636.0801,2611.48,2626.2,1826860000
2011-12-02,2650.8,2659.23,2625.0701,2626.9299,1662730000
2011-12-05,2666.47,2674.53,2641.5901,2655.76,1686660000
2011-12-06,2655.02,2663.6299,2639.1799,2649.5601,1491130000
2011-12-07,2638.6101,2660.24,2612.8,2649.21,1658010000
2011-12-08,2633.3,2645.9199,2592.55,2596.3799,1845640000
2011-12-09,2603.1799,2653.46,2603.1799,2646.8501,1664710000
2011-12-12,2617.3201,2617.3201,2591.4199,2612.26,1572600000
2011-12-13,2629.6699,2639.74,2568.4399,2579.27,1752320000
2011-12-14,2566.21,2568.4399,2525.8799,2539.3101,1793960000
2011-12-15,2565.9299,2565.9399,2536.5801,2541.01,1748400000
2011-12-16,2554.6201,2585.4199,2548.0,2555.3301,2664690000
2011-12-19,2564.0701,2570.6499,2518.01,2523.1399,1560110000
2011-12-20,2567.25,2604.52,2566.8701,2603.73,1835720000
2011-12-21,2589.77,2590.6101,2544.6599,2577.97,1853710000
2011-12-22,2584.3301,2601.99,2581.9199,2599.45,1515610000
2011-12-23,2607.4299,2618.8401,2599.8899,2618.6399,960940000
2011-12-27,2613.51,2633.3401,2610.77,2625.2,945590000
2011-12-28,2626.1899,2626.3401,2586.8501,2589.98,1069930000
2011-12-29,2596.3301,2614.8701,2593.04,2613.74,1011380000
2011-12-30,2610.23,2616.46,2604.6001,2605.1499,1056790000
2012-01-03,2657.3899,2665.8999,2641.98,2648.72,1636850000
2012-01-04,2639.8999,2653.1799,2627.23,2648.3601,1670530000
2012-01-05,2642.5701,2673.5601,2631.23,2669.8601,1836410000
2012-01-06,2671.1699,2682.1201,2658.8301,2674.22,1683090000
2012-01-09,2682.98,2683.78,2662.96,2676.5601,1768080000
2012-01-10,2704.4199,2712.5,2694.3301,2702.5,1809500000
2012-01-11,2695.77,2714.29,2690.73,2710.76,1699660000
2012-01-12,2716.8701,2726.4299,2697.3201,2724.7,1669550000
2012-01-13,2707.4099,2712.9299,2689.5801,2710.6699,1655960000
2012-01-17,2736.3401,2742.73,2721.03,2728.0801,1664210000
2012-01-18,2731.1599,2769.71,2730.05,2769.71,1968940000
2012-01-19,2779.74,2793.3501,2777.1699,2788.3301,1959950000
2012-01-20,2776.04,2787.2,2775.8701,2786.7,1949660000
2012-01-23,2786.21,2804.99,2769.8201,2784.1699,1652940000
2012-01-24,2771.5801,2788.3799,2766.3401,2786.6399,1620690000
2012-01-25,2803.23,2822.79,2788.95,2818.3101,1918040000
2012-01-26,2828.78,2834.3,2794.78,2805.28,1998970000
2012-01-27,2797.6599,2821.55,2797.24,2816.55,1707350000
2012-01-30,2790.3999,2816.8501,2782.4399,2811.9399,1668970000
2012-01-31,2825.76,2830.45,2798.77,2813.8401,1786550000
2012-02-01,2830.1001,2855.73,2825.1899,2848.27,2125720000
2012-02-02,2854.1001,2868.23,2849.3999,2859.6799,1913430000
2012-02-03,2888.95,2908.1299,2885.8401,2905.6599,2152890000
2012-02-06,2892.52,2903.03,2887.3301,2901.99,1684490000
2012-02-07,2895.9099,2910.27,2885.1699,2904.0801,1784580000
2012-02-08,2906.5901,2918.26,2892.71,2915.8601,1981150000
2012-02-09,2922.46,2930.6799,2904.51,2927.23,2153090000
2012-02-10,2902.0,2910.98,2895.1001,2903.8799,1787640000
2012-02-13,2926.21,2933.9299,2913.8899,2931.3899,1619980000
2012-02-14,2921.7,2932.0801,2911.6001,2931.8301,1881630000
2012-02-15,2943.4199,2958.1899,2911.3301,2915.8301,2038980000
2012-02-16,2915.6699,2961.3799,2912.72,2959.8501,1945230000
2012-02-17,2958.22,2962.78,2941.55,2951.78,1973900000
2012-02-21,2957.3,2965.05,2934.0701,2948.5701,1821540000
2012-02-22,2942.77,2950.3701,2929.6799,2933.1699,1706310000
2012-02-23,2933.1599,2958.4199,2922.96,2956.98,1768390000
2012-02-24,2963.1299,2970.8799,2958.8201,2963.75,1643180000
2012-02-27,2945.8701,2976.0801,2933.3,2966.1599,1763650000
2012-02-28,2969.25,2988.5901,2966.6101,2986.76,1812490000
2012-02-29,2991.6699,3000.1101,2961.77,2966.8899,2170190000
2012-03-01,2979.1101,2996.3701,2974.5901,2988.97,1903690000
2012-03-02,2986.0801,2995.97,2968.0,2976.1899,1755130000
2012-03-05,2969.73,2973.9299,2940.52,2950.48,1679030000
2012-03-06,2917.52,2921.77,2900.28,2910.3201,1870720000
2012-03-07,2922.5701,2940.28,2920.54,2935.6899,1589360000
2012-03-08,2954.3999,2976.05,2945.73,2970.4199,1619740000
2012-03-09,2975.0901,2993.98,2973.96,2988.3401,1580560000
2012-03-12,2989.05,2994.1001,2973.6499,2983.6599,1341660000
2012-03-13,3003.71,3039.8899,2996.46,3039.8799,1709900000
2012-03-14,3042.21,3051.3701,3024.73,3040.73,1662300000
2012-03-15,3048.5801,3059.8101,3037.8201,3056.3701,1677540000
2012-03-16,3058.49,3060.8201,3047.6899,3055.26,2088610000
2012-03-19,3057.24,3087.1001,3050.8899,3078.3201,1548400000
2012-03-20,3060.9299,3078.72,3050.8201,3074.1499,1508580000
2012-03-21,3077.4399,3090.0801,3069.0901,3075.3201,1552400000
2012-03-22,3055.0,3068.5,3050.7,3063.3201,1524800000
2012-03-23,3066.3701,3070.9299,3044.6699,3067.9199,1428940000
2012-03-26,3090.52,3122.5701,3090.05,3122.5701,1627520000
2012-03-27,3124.0601,3134.1699,3119.03,3120.3501,1662460000
2012-03-28,3123.8401,3130.5601,3086.9299,3104.96,1765680000
2012-03-29,3087.25,3099.8,3069.8101,3095.3601,1756160000
2012-03-30,3110.97,3111.55,3079.05,3091.5701,1833130000
2012-04-02,3085.9399,3123.03,3079.78,3119.7,1768210000
2012-04-03,3119.6499,3128.25,3097.4099,3113.5701,1804950000
2012-04-04,3085.46,3086.3501,3052.5801,3068.0901,1813150000
2012-04-05,3061.75,3083.3799,3061.1399,3080.5,1548040000
2012-04-09,3037.28,3058.76,3032.22,3047.0801,1371140000
2012-04-10,3044.6699,3055.2,2987.0,2991.22,1953600000
2012-04-11,3020.1499,3030.51,3008.75,3016.46,1540890000
2012-04-12,3023.1101,3059.26,3020.4399,3055.55,1480340000
2012-04-13,3045.0801,3045.4199,3010.77,3011.3301,1483850000
2012-04-16,3027.5701,3027.5701,2975.8701,2988.3999,1594320000
2012-04-17,3002.02,3052.76,2999.49,3042.8201,1555070000
2012-04-18,3031.8201,3045.04,3023.9099,3031.45,1599470000
2012-04-19,3028.2,3058.72,2994.9399,3007.5601,1991120000
2012-04-20,3023.73,3034.6899,2999.01,3000.45,1935880000
2012-04-23,2969.0,2973.3799,2946.04,2970.45,1767360000
2012-04-24,2967.3701,2979.0801,2950.3799,2961.6001,1690840000
2012-04-25,3013.6499,3031.4099,3010.5701,3029.6299,1721330000
2012-04-26,3029.6201,3056.77,3027.79,3050.6101,1763510000
2012-04-27,3060.3401,3076.4399,3043.3,3069.2,1777750000
2012-04-30,3060.0601,3063.6599,3043.25,3046.3601,1633170000
2012-05-01,3044.79,3085.3999,3041.6201,3050.4399,1854230000
2012-05-02,3035.0701,3061.47,3028.9399,3059.8501,1825190000
2012-05-03,3061.1299,3061.3799,3016.2,3024.3,1869130000
2012-05-04,3001.1499,3001.48,2956.3401,2956.3401,1944010000
2012-05-07,2940.4099,2970.2,2939.21,2957.76,1740430000
2012-05-08,2939.3601,2952.6499,2900.0601,2946.27,2175840000
2012-05-09,2912.4099,2948.77,2900.1799,2934.71,2047090000
2012-05-10,2950.21,2950.21,2923.1399,2933.6399,2004150000
2012-05-11,2919.3501,2960.3799,2918.74,2933.8201,1735380000
2012-05-14,2907.78,2924.8899,2898.8999,2902.5801,1683460000
2012-05-15,2902.3,2930.6799,2889.3899,2893.76,1826210000
2012-05-16,2904.6699,2913.8999,2872.25,2874.04,1933900000
2012-05-17,2874.71,2879.22,2813.6899,2813.6899,2016980000
2012-05-18,2814.4299,2827.28,2774.45,2778.79,2692450000
2012-05-21,2782.55,2848.8301,2774.76,2847.21,1870420000
2012-05-22,2853.8701,2867.3401,2823.22,2839.0801,1861850000
2012-05-23,2832.1699,2855.3501,2795.5,2850.1201,1929640000
2012-05-24,2856.55,2858.24,2817.6201,2839.3799,1750290000
2012-05-25,2839.74,2846.3101,2829.76,2837.53,1282680000
2012-05-29,2853.27,2882.8301,2846.6799,2870.99,221430000
2012-05-30,2847.27,2847.27,2825.6399,2837.3601,1671040000
2012-05-31,2837.3701,2842.4299,2801.96,2827.3401,2180130000
2012-06-01,2810.1299,2810.1299,2747.24,2747.48,1966370000
2012-06-04,2747.6101,2769.9299,2726.6799,2760.01,1755750000
2012-06-05,2749.3501,2781.97,2749.3401,2778.1101,1625600000
2012-06-06,2796.23,2844.72,2796.23,2844.72,1761050000
2012-06-07,2872.05,2873.5901,2827.8201,2831.02,1655370000
2012-06-08,2823.8201,2860.9399,2814.8,2858.4199,1390260000
2012-06-11,2882.49,2882.96,2806.8999,2809.73,1480220000
2012-06-12,2815.8401,2843.6699,2802.3799,2843.0701,1594310000
2012-06-13,2838.1201,2853.1699,2810.5901,2818.6101,1602080000
2012-06-14,2820.6299,2842.3101,2807.55,2836.3301,1633370000
2012-06-15,2839.3999,2874.3799,2837.9399,2872.8,2020100000
2012-06-18,2872.49,2903.03,2853.8601,2895.3301,1586190000
2012-06-19,2909.8701,2940.23,2908.45,2929.76,1835480000
2012-06-20,2932.96,2942.28,2910.0,2930.45,1563080000
2012-06-21,2929.1499,2930.9299,2857.1001,2859.0901,1822200000
2012-06-22,2866.1699,2894.3501,2863.9299,2892.4199,3544010000
2012-06-25,2863.8899,2863.8899,2829.23,2836.1599,1514430000
2012-06-26,2845.3999,2862.1499,2832.02,2854.0601,1623160000
2012-06-27,2862.1299,2882.3999,2860.1299,2875.3201,1668580000
2012-06-28,2853.8899,2855.74,2818.1899,2849.49,1795850000
2012-06-29,2902.4399,2935.1299,2895.6001,2935.05,2021190000
2012-07-02,2938.4099,2951.23,2925.71,2951.23,1845240000
2012-07-03,2950.8101,2976.0801,2948.3999,2976.0801,1009330000
2012-07-05,2970.3701,2987.9399,2958.3,2976.1201,1423990000
2012-07-06,2955.2,2957.5,2921.3701,2937.3301,1437420000
2012-07-09,2934.49,2942.99,2919.04,2931.77,1455500000
2012-07-10,2945.3501,2953.47,2891.4199,2902.3301,1725730000
2012-07-11,2898.77,2905.51,2866.53,2887.98,1635120000
2012-07-12,2867.0801,2876.3201,2837.72,2866.1899,1719460000
2012-07-13,2874.0601,2913.28,2873.3899,2908.47,1373620000
2012-07-16,2903.03,2910.2,2888.01,2896.9399,1414470000
2012-07-17,2911.46,2916.6101,2871.6499,2910.04,1774160000
2012-07-18,2904.24,2951.3,2902.95,2942.6001,1817040000
2012-07-19,2961.71,2976.22,2952.4199,2965.8999,1735920000
2012-07-20,2957.02,2957.02,2925.3,2925.3,1810420000
2012-07-23,2877.51,2898.05,2852.8799,2890.1499,1607140000
2012-07-24,2894.95,2896.5601,2847.22,2862.99,1748410000
2012-07-25,2856.78,2870.22,2839.76,2854.24,1784150000
2012-07-26,2896.6799,2905.5701,2876.01,2893.25,1981520000
2012-07-27,2906.5,2961.8701,2900.98,2958.0901,2102610000
2012-07-30,2959.0701,2970.3,2939.04,2945.8401,1483990000
2012-07-31,2945.0801,2959.6201,2938.4099,2939.52,1801440000
2012-08-01,2956.72,2958.28,2917.78,2920.21,1722530000
2012-08-02,2900.46,2934.6499,2890.8501,2909.77,1822620000
2012-08-03,2951.28,2977.4099,2945.8101,2967.8999,1730210000
2012-08-06,2978.1599,3000.24,2974.23,2989.9099,1528260000
2012-08-07,3002.6599,3028.6101,3002.0901,3015.8601,1899240000
2012-08-08,3003.77,3018.8999,3002.4099,3011.25,1874580000
2012-08-09,3009.8601,3022.6899,3007.3,3018.6399,1677970000
2012-08-10,3008.8301,3020.8601,3003.3799,3020.8601,1556460000
2012-08-13,3018.27,3023.03,2999.1201,3022.52,1353380000
2012-08-14,3032.6699,3034.1599,3009.9299,3016.98,1567830000
2012-08-15,3013.3301,3032.0601,3013.3301,3030.9299,1536730000
2012-08-16,3037.1799,3067.4399,3033.28,3062.3899,1937430000
2012-08-17,3067.1101,3076.72,3060.1499,3076.5901,1640640000
2012-08-20,3072.6599,3076.21,3059.8999,3076.21,1451550000
2012-08-21,3085.25,3100.54,3058.74,3067.26,1574220000
2012-08-22,3059.9399,3080.73,3053.4299,3073.6699,1459130000
2012-08-23,3065.8201,3070.3401,3045.52,3053.3999,1383860000
2012-08-24,3045.22,3076.8,3042.22,3069.79,1349740000
2012-08-27,3083.6201,3085.8101,3068.1299,3073.1899,1383530000
2012-08-28,3069.3999,3083.1899,3063.6499,3077.1399,1364740000
2012-08-29,3078.05,3087.24,3067.6201,3081.1899,1282900000
2012-08-30,3066.73,3067.54,3045.9199,3048.71,1216640000
2012-08-31,3069.6399,3078.52,3040.5901,3066.96,1394760000
2012-09-04,3063.25,3082.26,3040.24,3075.0601,1505960000
2012-09-05,3072.5801,3082.75,3062.54,3069.27,1495030000
2012-09-06,3087.9399,3135.8101,3087.6699,3135.8101,1918900000
2012-09-07,3133.22,3139.6101,3128.1699,3136.4199,1740640000
2012-09-10,3131.3401,3133.8899,3102.76,3104.02,1575370000
2012-09-11,3105.02,3117.8601,3099.1001,3104.53,1586250000
2012-09-12,3115.3301,3120.1201,3098.8201,3114.3101,1689140000
2012-09-13,3117.6599,3167.6299,3112.6201,3155.8301,1870050000
2012-09-14,3166.24,3195.6699,3164.26,3183.95,1984720000
2012-09-17,3183.3999,3183.3999,3168.6299,3178.6699,1485390000
2012-09-18,3173.6201,3179.3701,3169.4099,3177.8,1707200000
2012-09-19,3179.04,3189.3501,3170.29,3182.6201,1850920000
2012-09-20,3166.8401,3178.45,3156.46,3175.96,1809130000
2012-09-21,3194.8601,3196.9299,3178.0901,3179.96,2526250000
2012-09-24,3155.3501,3167.74,3150.71,3160.78,1704860000
2012-09-25,3170.3701,3176.3,3117.73,3117.73,1975470000
2012-09-26,3113.3999,3114.54,3080.28,3093.7,1738010000
2012-09-27,3105.8701,3142.02,3098.46,3136.6001,1691800000
2012-09-28,3125.3101,3132.51,3109.9099,3116.23,1864640000
2012-10-01,3130.3101,3146.99,3103.8899,3113.53,1758170000
2012-10-02,3127.73,3131.6399,3101.6399,3120.04,1609570000
2012-10-03,3130.8501,3142.3601,3115.04,3135.23,1704050000
2012-10-04,3142.3799,3153.48,3132.5601,3149.46,1585190000
2012-10-05,3161.21,3171.46,3130.76,3136.1899,1607940000
2012-10-08,3121.3301,3125.49,3107.5701,3112.3501,1186260000
2012-10-09,3108.01,3108.01,3062.52,3065.02,1645740000
2012-10-10,3066.25,3071.5701,3046.78,3051.78,1788970000
2012-10-11,3075.8899,3078.0801,3047.1399,3049.4099,1595020000
2012-10-12,3049.0801,3061.77,3039.5801,3044.1101,1524840000
2012-10-15,3053.21,3066.3101,3037.27,3064.1799,1563440000
2012-10-16,3073.21,3102.97,3070.25,3101.1699,1736930000
2012-10-17,3091.3799,3112.45,3088.05,3104.1201,1770920000
2012-10-18,3097.77,3102.5601,3065.24,3072.8701,2043290000
2012-10-19,3066.5601,3066.5601,3000.27,3005.6201,2225580000
2012-10-22,3005.9199,3020.6101,2995.78,3016.96,1654130000
2012-10-23,2989.4399,3006.5901,2974.0701,2990.46,1830840000
2012-10-24,3011.8201,3012.95,2978.73,2981.7,1967000000
2012-10-25,3005.04,3007.71,2975.98,2986.1201,1922660000
2012-10-26,2986.05,2999.1399,2961.1599,2987.95,1839700000
2012-10-31,2986.8501,2989.7,2964.9399,2977.23,1806780000
2012-11-01,2987.54,3021.9399,2984.22,3020.0601,1880140000
2012-11-02,3033.8501,3033.8501,2981.6899,2982.1299,1834590000
2012-11-05,2983.03,3004.8701,2975.8501,2999.6599,1496210000
2012-11-06,3003.71,3024.4399,2998.9299,3011.9299,1782430000
2012-11-07,2976.46,2977.8101,2926.79,2937.29,2059690000
2012-11-08,2942.0901,2949.7,2895.5801,2895.5801,1876420000
2012-11-09,2892.5701,2931.1101,2889.8101,2904.8701,1802580000
2012-11-12,2916.3799,2920.01,2896.55,2904.25,1379240000
2012-11-13,2880.77,2909.0,2877.0601,2883.8899,1816260000
2012-11-14,2896.8101,2900.1001,2842.8601,2846.8101,2106590000
2012-11-15,2847.8401,2855.6399,2826.75,2836.9399,2010300000
2012-11-16,2838.8999,2859.5701,2810.8,2853.1299,2187730000
2012-11-19,2886.0,2916.0701,2884.75,2916.0701,1767240000
2012-11-20,2910.73,2919.96,2893.3799,2916.6799,1588750000
2012-11-21,2919.1399,2928.1699,2912.4199,2926.55,1430060000
2012-11-23,2943.6201,2967.1899,2940.6799,2966.8501,792750000
2012-11-26,2961.02,2976.9299,2951.73,2976.78,1641710000
2012-11-27,2974.5601,2985.3201,2965.1299,2967.79,1763320000
2012-11-28,2952.02,2992.1699,2935.8799,2991.78,1725550000
2012-11-29,3005.4099,3017.1799,2996.3,3012.03,1758440000
2012-11-30,3013.25,3014.25,2999.72,3010.24,2194240000
2012-12-03,3029.21,3030.28,2999.5701,3002.2,1667330000
2012-12-04,3000.4399,3002.8999,2980.9299,2996.6899,1781760000
2012-12-05,2993.2,2994.73,2958.26,2973.7,1800820000
2012-12-06,2967.99,2996.53,2962.02,2989.27,1713460000
2012-12-07,2999.6899,3003.27,2968.8201,2978.04,1613570000
2012-12-10,2973.1899,2997.6399,2971.5601,2986.96,1528430000
2012-12-11,3005.4299,3033.1399,3003.8201,3022.3,1921860000
2012-12-12,3033.9299,3035.1899,3008.49,3013.8101,1756220000
2012-12-13,3007.8301,3026.51,2982.6299,2992.1599,1833990000
2012-12-14,2976.95,2985.3301,2963.8,2971.3301,1786980000
2012-12-17,2975.5,3011.22,2973.54,3010.6001,1911420000
2012-12-18,3020.8201,3056.6499,3016.3999,3054.53,2022130000
2012-12-19,3059.03,3061.8201,3044.3601,3044.3601,1933270000
2012-12-20,3050.3,3053.53,3034.1499,3050.3899,1691190000
2012-12-21,2998.6001,3022.1899,2995.1299,3021.01,2843090000
2012-12-24,3013.8899,3016.1799,3008.53,3012.6001,614230000
2012-12-26,3013.1299,3018.6499,2983.3501,2990.1599,1059190000
2012-12-27,2989.8701,2993.6599,2951.04,2985.9099,1342790000
2012-12-28,2965.1201,2985.47,2959.3701,2960.3101,1143530000
2012-12-31,2955.45,3021.4099,2953.52,3019.51,1557230000
2013-01-02,3091.3301,3112.6499,3083.49,3112.26,2111300000
2013-01-03,3108.49,3118.1799,3092.28,3100.5701,1769420000
2013-01-04,3100.8799,3108.4399,3090.8101,3101.6599,1745140000
2013-01-07,3089.1699,3102.3501,3083.8799,3098.8101,1702540000
2013-01-08,3098.46,3103.3899,3076.6001,3091.8101,1744380000
2013-01-09,3099.6499,3111.22,3096.3401,3105.8101,1732510000
2013-01-10,3125.6399,3127.72,3098.47,3121.76,1754240000
2013-01-11,3122.1201,3126.5901,3114.1001,3125.6299,1772600000
2013-01-14,3113.6499,3123.48,3104.0801,3117.5,1876050000
2013-01-15,3101.0601,3112.29,3093.3201,3110.78,1852870000
2013-01-16,3110.72,3124.6499,3106.79,3117.54,1692380000
2013-01-17,3130.49,3144.05,3125.79,3136.0,1766510000
2013-01-18,3127.9099,3134.73,3119.2,3134.71,1860070000
2013-01-22,3135.6299,3143.1799,3121.54,3143.1799,1790730000
2013-01-23,3155.8201,3161.0601,3149.74,3153.6699,1698190000
2013-01-24,3125.6699,3153.5601,3124.45,3130.3799,2046990000
2013-01-25,3140.6499,3156.2,3135.8601,3149.71,1920250000
2013-01-28,3152.1699,3161.8301,3144.8899,3154.3,1935590000
2013-01-29,3149.6201,3156.9399,3133.1101,3153.6599,2050670000
2013-01-30,3157.4299,3164.0601,3135.8301,3142.3101,2014350000
2013-01-31,3140.6699,3154.1799,3136.8201,3142.1299,2190840000
2013-02-01,3162.9399,3183.1399,3154.9099,3179.1001,2012930000
2013-02-04,3161.72,3169.6299,3130.5701,3131.1699,1874750000
2013-02-05,3140.8999,3178.52,3136.8201,3171.5801,2150080000
2013-02-06,3159.3799,3174.8201,3157.3501,3168.48,2002740000
2013-02-07,3167.4399,3170.4199,3135.98,3165.1299,1955960000
2013-02-08,3178.0601,3196.8899,3177.1799,3193.8701,1816480000
2013-02-11,3192.53,3194.01,3182.1899,3192.0,1551370000
2013-02-12,3190.73,3196.9199,3184.8401,3186.49,1786800000
2013-02-13,3195.3401,3205.52,3187.0601,3196.8799,1822450000
2013-02-14,3182.74,3202.3301,3182.3899,3198.6599,1924900000
2013-02-15,3202.8401,3206.21,3184.03,3192.03,1858670000
2013-02-19,3197.46,3213.6001,3194.9199,3213.5901,1843840000
2013-02-20,3211.99,3213.25,3163.95,3164.4099,2001800000
2013-02-21,3154.8799,3155.1899,3118.6201,3131.49,2052630000
2013-02-22,3149.0901,3161.8201,3139.55,3161.8201,1581500000
2013-02-25,3180.5901,3186.25,3116.25,3116.25,1930990000
2013-02-26,3126.23,3135.5701,3105.3601,3129.6499,1847750000
2013-02-27,3129.72,3177.8,3127.27,3162.26,1727260000
2013-02-28,3161.4299,3182.6001,3159.72,3160.1899,2022530000
2013-03-01,3143.54,3171.5,3129.3999,3169.74,1870250000
2013-03-04,3159.46,3182.27,3154.79,3182.03,1718290000
2013-03-05,3200.3799,3227.3101,3200.27,3224.1299,1891510000
2013-03-06,3233.3101,3233.4399,3217.6699,3222.3701,1764020000
2013-03-07,3224.5,3235.1001,3221.47,3232.0901,1675640000
2013-03-08,3245.8501,3248.7,3227.8899,3244.3701,1611700000
2013-03-11,3237.74,3252.8701,3233.6699,3252.8701,1628500000
2013-03-12,3244.8501,3249.78,3229.9199,3242.3201,1673740000
2013-03-13,3243.04,3251.45,3230.6201,3245.1201,1577280000
2013-03-14,3253.0,3258.9299,3250.24,3258.9299,1651650000
2013-03-15,3260.46,3260.6201,3242.6499,3249.0701,2305230000
2013-03-18,3215.71,3249.3701,3211.1001,3237.5901,1550510000
2013-03-19,3246.7,3252.6001,3205.4199,3229.1001,1690680000
2013-03-20,3251.9099,3257.99,3240.8999,3254.1899,1599120000
2013-03-21,3228.1699,3237.5701,3215.6899,3222.6001,1692260000
2013-03-22,3235.3,3247.9399,3230.8601,3245.0,1681360000
2013-03-25,3255.8501,3263.6299,3222.48,3235.3,1666010000
2013-03-26,3249.95,3252.9299,3239.9199,3252.48,1444500000
2013-03-27,3230.76,3258.26,3227.02,3256.52,1420130000
2013-03-28,3257.3201,3270.3,3253.21,3267.52,1636800000
2013-04-01,3268.6299,3270.23,3230.5701,3239.1699,1481360000
2013-04-02,3252.55,3267.9299,3245.4099,3254.8601,1580800000
2013-04-03,3257.3799,3260.1499,3210.3899,3218.6001,1813910000
2013-04-04,3219.1101,3226.24,3206.02,3224.98,1475720000
2013-04-05,3174.0,3206.21,3168.8799,3203.8601,1594090000
2013-04-08,3207.1499,3222.26,3195.5701,3222.25,1323520000
2013-04-09,3229.8101,3249.95,3215.02,3237.8601,1498130000
2013-04-10,3246.0601,3299.1599,3245.8,3297.25,1769870000
2013-04-11,3289.5901,3306.95,3287.74,3300.1599,1829170000
2013-04-12,3292.3899,3296.5,3271.02,3294.95,1471180000
2013-04-15,3277.5801,3283.3999,3213.46,3216.49,1779320000
2013-04-16,3239.05,3265.8401,3231.45,3264.6299,1515400000
2013-04-17,3236.25,3236.98,3186.0801,3204.6699,1902730000
2013-04-18,3212.24,3212.97,3154.96,3166.3601,1766000000
2013-04-19,3169.3201,3210.03,3168.3301,3206.0601,1738850000
2013-04-22,3217.3999,3241.1599,3198.74,3233.55,1628340000
2013-04-23,3252.8,3275.8899,3241.52,3269.3301,1684770000
2013-04-24,3262.21,3277.1201,3255.4399,3269.6499,1738590000
2013-04-25,3279.8201,3301.28,3279.29,3289.99,2012230000
2013-04-26,3284.0701,3287.48,3268.03,3279.26,1721970000
2013-04-29,3290.3101,3315.3301,3289.4199,3307.02,1594110000
2013-04-30,3308.05,3328.79,3298.5801,3328.79,1984270000
2013-05-01,3325.3501,3330.02,3296.5,3299.1299,1884600000
2013-05-02,3306.1499,3344.8999,3305.8101,3340.6201,1757480000
2013-05-03,3371.4099,3388.1201,3370.3,3378.6299,1745570000
2013-05-06,3382.3301,3396.21,3381.4399,3392.97,1500410000
2013-05-07,3398.8401,3402.24,3381.04,3396.6299,1709800000
2013-05-08,3394.8899,3413.27,3389.8,3413.27,1756400000
2013-05-09,3408.9399,3428.54,3403.4299,3409.1699,1826220000
2013-05-10,3414.8401,3436.6001,3411.5901,3436.5801,1689730000
2013-05-13,3429.53,3447.1001,3426.6699,3438.79,1615510000
2013-05-14,3439.72,3468.6699,3439.72,3462.6101,1820520000
2013-05-15,3455.6699,3475.48,3452.3101,3471.6201,1843910000
2013-05-16,3473.1599,3485.95,3462.24,3465.24,1945760000
2013-05-17,3483.4099,3499.2,3473.04,3498.97,1828610000
2013-05-20,3490.46,3509.4099,3488.1299,3496.4299,1745260000
2013-05-21,3495.46,3512.1499,3486.8799,3502.1201,1776780000
2013-05-22,3503.48,3532.04,3446.96,3463.3,2179330000
2013-05-23,3426.0701,3467.1299,3422.51,3459.4199,1820670000
2013-05-24,3438.28,3459.47,3429.3101,3459.1399,1449210000
2013-05-28,3497.8999,3514.8,3475.3899,3488.8899,1748070000
2013-05-29,3471.6699,3479.53,3450.3999,3467.52,1794650000
2013-05-30,3473.21,3503.8201,3473.04,3491.3,1737320000
2013-05-31,3478.22,3500.6699,3455.8401,3455.9099,1968270000
2013-06-03,3460.76,3465.8401,3419.3899,3465.3701,2054100000
2013-06-04,3467.02,3482.75,3430.02,3445.26,1871640000
2013-06-05,3432.8501,3446.1499,3397.9099,3401.48,1813890000
2013-06-06,3404.4099,3424.05,3378.24,3424.05,1802700000
2013-06-07,3437.8401,3471.73,3429.4299,3469.22,1646810000
2013-06-10,3475.6799,3484.8101,3465.54,3473.77,1556520000
2013-06-11,3436.6201,3466.5701,3426.5701,3436.95,1560370000
2013-06-12,3458.1399,3459.1799,3395.9099,3400.4299,1630200000
2013-06-13,3398.54,3451.03,3387.6101,3445.3601,1584740000
2013-06-14,3442.3101,3448.3999,3419.3201,3423.5601,1458030000
2013-06-17,3449.97,3468.5601,3436.3401,3452.1299,1581830000
2013-06-18,3456.29,3488.3101,3456.0901,3482.1799,1675090000
2013-06-19,3483.5901,3485.45,3443.2,3443.2,1649200000
2013-06-20,3405.1399,3412.9399,3355.9299,3364.6399,2041500000
2013-06-21,3367.8101,3377.3,3326.8601,3357.25,2921900000
2013-06-24,3326.3799,3344.6599,3294.95,3320.76,2030960000
2013-06-25,3350.5901,3358.3101,3327.6899,3347.8899,1657280000
2013-06-26,3375.7,3383.7,3365.48,3376.22,1671280000
2013-06-27,3395.79,3412.79,3395.4099,3401.8601,1689800000
2013-06-28,3389.3,3422.2,3382.75,3403.25,3630410000
2013-07-01,3430.48,3454.4299,3430.3101,3434.49,1586750000
2013-07-02,3430.6899,3453.29,3415.23,3433.3999,1685190000
2013-07-03,3420.27,3455.4199,3417.8799,3443.6699,935980000
2013-07-05,3468.48,3479.46,3441.78,3479.3799,1254400000
2013-07-08,3493.8101,3495.51,3475.3899,3484.8301,1521720000
2013-07-09,3501.25,3508.8101,3484.79,3504.26,1633520000
2013-07-10,3502.1101,3522.99,3502.0,3520.76,1567340000
2013-07-11,3557.79,3579.29,3552.52,3578.3,1744210000
2013-07-12,3579.5801,3600.0801,3576.5701,3600.0801,1615820000
2013-07-15,3601.0901,3609.5901,3591.54,3607.49,1449130000
2013-07-16,3611.0,3611.3501,3589.6499,3598.5,1590540000
2013-07-17,3608.1299,3615.79,3600.6899,3610.0,1564340000
2013-07-18,3610.03,3624.54,3607.0901,3611.28,1719390000
2013-07-19,3581.8999,3589.05,3578.5701,3587.6101,1785460000
2013-07-22,3599.8701,3601.9199,3587.46,3600.3899,1507010000
2013-07-23,3606.7,3606.7,3576.96,3579.27,1620350000
2013-07-24,3605.26,3606.28,3573.53,3579.6001,1856660000
2013-07-25,3589.46,3606.1899,3579.2,3605.1899,2203970000
2013-07-26,3584.8501,3613.3301,3581.26,3613.1599,1796060000
2013-07-29,3604.29,3618.8601,3592.8,3599.1399,1545720000
2013-07-30,3612.3601,3629.1201,3606.3301,3616.47,1763580000
2013-07-31,3627.6599,3649.3501,3624.77,3626.3701,1942380000
2013-08-01,3654.1799,3678.5,3653.74,3675.74,1863290000
2013-08-02,3671.1101,3689.5901,3663.8799,3689.5901,1683270000
2013-08-05,3682.6699,3694.1899,3681.3401,3692.95,1471860000
2013-08-06,3685.3899,3690.3201,3654.6699,3665.77,1444200000
2013-08-07,3658.53,3663.2,3633.5901,3654.01,1659780000
2013-08-08,3672.21,3675.71,3649.6399,3669.1201,1702950000
2013-08-09,3664.27,3677.8301,3649.6899,3660.1101,1546570000
2013-08-12,3645.78,3673.51,3645.3899,3669.95,1422420000
2013-08-13,3675.3701,3691.0601,3648.8201,3684.4399,1644730000
2013-08-14,3683.97,3686.55,3668.74,3669.27,1589370000
2013-08-15,3625.3601,3626.77,3600.96,3606.1201,1742510000
2013-08-16,3603.78,3621.46,3598.6499,3602.78,1520430000
2013-08-19,3601.8799,3623.48,3589.03,3589.0901,1381050000
2013-08-20,3596.77,3625.26,3593.1399,3613.5901,1308280000
2013-08-21,3603.6799,3630.23,3589.02,3599.79,1438510000
2013-08-22,3614.1399,3639.21,3613.9299,3638.71,927400000
2013-08-23,3659.21,3660.6599,3643.8601,3657.79,1499890000
2013-08-26,3661.8101,3684.22,3652.26,3657.5701,1404230000
2013-08-27,3616.0601,3629.95,3573.5701,3578.52,1640040000
2013-08-28,3579.1101,3607.3601,3578.8,3593.3501,1370650000
2013-08-29,3587.0701,3635.8401,3587.0701,3620.3,1344900000
2013-08-30,3621.5901,3621.78,3581.05,3589.8701,1328320000
2013-09-03,3622.6399,3637.0601,3593.6201,3612.6101,1628810000
2013-09-04,3619.05,3651.78,3612.22,3649.04,1855980000
2013-09-05,3652.4399,3665.01,3651.1699,3658.78,1550180000
2013-09-06,3672.8201,3677.0701,3618.77,3660.01,1647310000
2013-09-09,3675.1201,3708.4199,3675.1201,3706.1799,1664290000
2013-09-10,3724.6699,3729.3799,3716.4399,3729.02,1842570000
2013-09-11,3710.79,3726.5901,3704.22,3725.01,1722380000
2013-09-12,3724.53,3731.8401,3713.0801,3715.97,1653860000
2013-09-13,3723.27,3724.73,3701.8799,3722.1799,1460190000
2013-09-16,3755.0,3756.24,3712.47,3717.8501,1542500000
2013-09-17,3725.3101,3747.0801,3724.26,3745.7,1338800000
2013-09-18,3751.29,3790.7,3737.6899,3783.6399,1828820000
2013-09-19,3794.7,3798.1599,3781.5901,3789.3799,1775980000
2013-09-20,3796.28,3798.76,3774.1101,3774.73,2711270000
2013-09-23,3786.8401,3787.1399,3745.54,3765.29,1728620000
2013-09-24,3771.6001,3789.8501,3753.04,3768.25,1810950000
2013-09-25,3772.5901,3782.9199,3754.9399,3761.1001,1821790000
2013-09-26,3774.95,3795.72,3772.8,3787.4299,1817960000
2013-09-27,3767.8899,3788.3501,3762.6699,3781.5901,1699720000
2013-09-30,3737.6001,3780.97,3734.74,3771.48,1895760000
2013-10-01,3774.1799,3817.98,3774.1799,3817.98,1843320000
2013-10-02,3793.1101,3819.28,3788.45,3815.02,1792980000
2013-10-03,3809.8999,3816.96,3753.1699,3774.3401,1884340000
2013-10-04,3774.72,3812.8601,3773.3999,3807.75,1549600000
2013-10-07,3776.6399,3800.0801,3769.75,3770.3799,1475990000
2013-10-08,3772.22,3772.49,3694.1499,3694.8301,2087580000
2013-10-09,3701.6201,3702.1499,3650.03,3677.78,2242700000
2013-10-10,3721.5801,3764.72,3721.1101,3760.75,1902410000
2013-10-11,3753.22,3794.3701,3751.3799,3791.8701,1750350000
2013-10-14,3767.49,3816.4099,3766.28,3815.28,1455160000
2013-10-15,3810.72,3824.4399,3789.6799,3794.01,1745560000
2013-10-16,3815.0,3840.48,3814.1499,3839.4299,1744000000
2013-10-17,3822.8501,3863.49,3821.4299,3863.1499,1975140000
2013-10-18,3893.3601,3914.9299,3882.0601,3914.28,1943090000
2013-10-21,3922.6499,3931.45,3909.9099,3920.05,1674470000
2013-10-22,3935.54,3947.6699,3904.0601,3929.5701,1890500000
2013-10-23,3907.3,3911.6399,3887.6699,3907.0701,1915030000
2013-10-24,3911.6101,3932.6001,3907.54,3928.96,2054350000
2013-10-25,3955.98,3961.1001,3927.5,3943.3601,2225780000
2013-10-28,3942.5601,3947.5801,3927.0901,3940.1299,1904810000
2013-10-29,3954.3401,3957.1201,3934.9399,3952.3401,1897380000
2013-10-30,3962.3999,3966.71,3919.1399,3930.6201,1923000000
2013-10-31,3924.3401,3945.04,3909.26,3919.71,2139650000
2013-11-01,3932.45,3938.48,3904.2,3922.04,1949460000
2013-11-04,3932.6001,3937.5,3919.46,3936.5901,1817880000
2013-11-05,3925.0601,3947.27,3909.6299,3939.8601,1934630000
2013-11-06,3952.1799,3955.97,3920.9099,3931.95,2020160000
2013-11-07,3935.8101,3938.3301,3855.0701,3857.3301,2303320000
2013-11-08,3871.24,3919.23,3869.1201,3919.23,1981740000
2013-11-11,3913.6399,3925.3401,3904.72,3919.79,1595340000
2013-11-12,3907.8201,3922.27,3902.6699,3919.9199,1776860000
2013-11-13,3899.3799,3965.5801,3899.3101,3965.5801,1827220000
2013-11-14,3956.47,3975.8899,3949.01,3972.74,1965350000
2013-11-15,3978.27,3985.97,3969.22,3985.97,1899150000
2013-11-18,3990.0601,3994.97,3942.8501,3949.0701,1829870000
2013-11-19,3945.98,3960.4399,3923.47,3931.55,1747840000
2013-11-20,3940.98,3952.0801,3911.6101,3921.27,1721160000
2013-11-21,3938.1101,3970.9099,3936.8201,3969.1599,1684250000
2013-11-22,3977.3101,3991.6599,3973.0,3991.6499,1730280000
2013-11-25,4004.3701,4007.0901,3987.1599,3994.5701,1795760000
2013-11-26,3996.7,4026.99,3989.49,4017.75,1907680000
2013-11-27,4026.9199,4045.8101,4023.6499,4044.75,1477020000
2013-11-29,4057.1599,4069.7,4055.45,4059.8899,853500000
2013-12-02,4065.6599,4068.49,4040.8799,4045.26,1680380000
2013-12-03,4038.99,4050.0801,4022.1201,4037.2,1875010000
2013-12-04,4020.3301,4051.74,4004.76,4038.0,1886970000
2013-12-05,4037.99,4043.71,4025.26,4033.1699,1880950000
2013-12-06,4069.8601,4069.8601,4042.3501,4062.52,1727130000
2013-12-09,4073.75,4081.78,4063.5,4068.75,1717120000
2013-12-10,4061.1699,4074.01,4056.49,4060.49,1864860000
2013-12-11,4061.6699,4065.0801,3998.9199,4003.8101,1923520000
2013-12-12,4004.75,4013.54,3993.5701,3998.3999,1893270000
2013-12-13,4015.53,4017.45,3992.29,4000.98,1615340000
2013-12-16,4019.3701,4043.0,4019.1399,4029.52,1943830000
2013-12-17,4028.8799,4034.6899,4011.5801,4023.6799,1861130000
2013-12-18,4024.6699,4070.3799,3979.5901,4070.0601,2178330000
2013-12-19,4059.3401,4063.7,4045.4099,4058.1399,1813050000
2013-12-20,4064.8899,4111.9302,4064.73,4104.7402,3510420000
2013-12-23,4136.1499,4149.3101,4127.7202,4148.8999,1779400000
2013-12-24,4150.6401,4155.6201,4147.1499,4155.4199,802270000
2013-12-26,4164.21,4169.9702,4158.5898,4167.1802,1180670000
2013-12-27,4173.3599,4175.3599,4153.6401,4156.5898,1255020000
2013-12-30,4153.5801,4158.73,4142.1802,4154.2002,1349470000
2013-12-31,4161.5098,4177.73,4160.77,4176.5898,1401140000
2014-01-02,4160.0298,4160.96,4131.79,4143.0698,1738820000
2014-01-03,4148.5601,4152.96,4124.96,4131.9102,1667480000
2014-01-06,4137.0298,4139.7798,4103.75,4113.6802,2292840000
2014-01-07,4128.5698,4158.1802,4126.48,4153.1802,2278220000
2014-01-08,4154.2798,4171.75,4145.0,4165.6099,2345220000
2014-01-09,4179.04,4182.7402,4142.7002,4156.1899,2214770000
2014-01-10,4168.9399,4174.6802,4142.21,4174.6699,2143070000
2014-01-13,4167.4102,4179.4702,4097.9902,4113.2998,2322240000
2014-01-14,4129.6001,4183.8398,4125.8101,4183.02,2034180000
2014-01-15,4196.5298,4218.79,4195.98,4214.8799,2101870000
2014-01-16,4209.5898,4219.2798,4204.1602,4218.6899,2005850000
2014-01-17,4207.8198,4217.2402,4187.3101,4197.5801,2150370000
2014-01-21,4222.98,4227.9302,4193.1699,4225.7598,2034030000
2014-01-22,4234.5801,4246.5498,4225.52,4243.0,2026910000
2014-01-23,4224.3599,4224.4399,4192.2798,4218.8799,2191980000
2014-01-24,4194.9702,4197.9302,4128.1699,4128.1699,2489470000
2014-01-27,4132.2202,4136.46,4052.6299,4083.6101,2398280000
2014-01-28,4067.8601,4099.8101,4067.6899,4097.96,2091180000
2014-01-29,4060.6101,4091.27,4044.76,4051.4299,2231850000
2014-01-30,4098.8101,4135.8398,4094.1699,4123.1299,2168410000
2014-01-31,4068.6299,4124.9199,4067.6101,4103.8799,2300570000
2014-02-03,4105.0601,4113.5498,3989.95,3996.96,2617030000
2014-02-04,4019.4399,4044.2,4004.5801,4031.52,2173360000
2014-02-05,4015.5,4026.28,3968.1899,4011.55,2168360000
2014-02-06,4022.6599,4064.0601,4022.1699,4057.1201,1942700000
2014-02-07,4081.8201,4126.5098,4069.9299,4125.8599,2055850000
2014-02-10,4125.1201,4148.2998,4122.6099,4148.1699,1811970000
2014-02-11,4154.6602,4198.5098,4153.1001,4191.0498,1993950000
2014-02-12,4196.8501,4212.6099,4190.3901,4201.29,2035890000
2014-02-13,4171.5801,4240.6699,4170.4702,4240.6699,2249990000
2014-02-14,4237.0,4250.9102,4225.75,4244.02,1881510000
2014-02-18,4253.71,4277.3301,4243.5601,4272.7798,1886210000
2014-02-19,4260.7402,4274.29,4232.3799,4237.9502,1956720000
2014-02-20,4241.46,4272.3398,4226.75,4267.5498,1992780000
2014-02-21,4282.1699,4284.8501,4261.6299,4263.4102,2138250000
2014-02-24,4273.3198,4311.1299,4272.1099,4292.9702,2161300000
2014-02-25,4298.48,4307.5098,4275.7998,4287.5898,2137150000
2014-02-26,4300.4502,4316.8198,4278.54,4292.0601,2108270000
2014-02-27,4291.4702,4322.46,4284.7798,4318.9302,2049160000
2014-02-28,4323.52,4342.5898,4275.6099,4308.1201,2617730000
2014-03-03,4261.4199,4284.1499,4239.6499,4277.2998,2077500000
2014-03-04,4327.8501,4357.21,4327.54,4351.9702,2477850000
2014-03-05,4352.7598,4362.5,4344.1499,4357.9702,2215980000
2014-03-06,4368.8101,4371.71,4341.0,4352.1299,2136260000
2014-03-07,4370.98,4371.3901,4319.1499,4336.2202,2175560000
2014-03-10,4332.6201,4339.9302,4307.8398,4334.4502,2111610000
2014-03-11,4342.9302,4354.4302,4295.4702,4307.1899,2477780000
2014-03-12,4288.6001,4323.3301,4270.2202,4323.3301,2131880000
2014-03-13,4338.2598,4339.8999,4242.9502,4260.4199,2383600000
2014-03-14,4250.4502,4272.3398,4241.9399,4245.3999,2196890000
2014-03-17,4274.2202,4301.2798,4273.0098,4279.9502,1810410000
2014-03-18,4286.2202,4334.6602,4284.1099,4333.3101,1962890000
2014-03-19,4331.46,4334.2998,4283.54,4307.6001,1992750000
2014-03-20,4297.9902,4329.6099,4287.4102,4319.29,1847270000
2014-03-21,4339.8999,4344.3901,4268.3398,4276.79,3245740000
2014-03-24,4289.4902,4289.4902,4190.6099,4226.3901,2434650000
2014-03-25,4252.6499,4274.3198,4203.6401,4234.27,2270760000
2014-03-26,4254.98,4263.0698,4173.5801,4173.5801,2455460000
2014-03-27,4169.3501,4186.1299,4131.8101,4151.23,2270650000
2014-03-28,4163.1802,4203.4902,4144.6899,4155.7598,2029840000
2014-03-31,4185.6299,4212.9702,4180.54,4198.9902,2090850000
2014-04-01,4219.8701,4268.2002,4218.77,4268.04,2153130000
2014-04-02,4281.6099,4286.0898,4258.8599,4276.46,2187100000
2014-04-03,4282.1802,4284.6899,4216.5698,4237.7402,2067370000
2014-04-04,4263.9399,4267.0601,4118.71,4127.73,2621270000
2014-04-07,4110.9199,4133.6802,4052.1399,4079.75,2554680000
2014-04-08,4085.1799,4120.2402,4066.1101,4112.9902,2198900000
2014-04-09,4129.6299,4185.1899,4121.1699,4183.8999,1957560000
2014-04-10,4181.21,4182.6099,4042.76,4054.1101,2421210000
2014-04-11,4015.0701,4067.22,3991.6399,3999.73,2264480000
2014-04-14,4038.0601,4050.79,3986.5,4022.6899,1890480000
2014-04-15,4032.6299,4054.8,3946.03,4034.1599,2413110000
2014-04-16,4066.8201,4086.28,4038.8101,4086.23,1863110000
2014-04-17,4080.3,4110.46,4064.7,4095.52,1954720000
2014-04-21,4105.3701,4121.5498,4081.9099,4121.5498,1544440000
2014-04-22,4132.0601,4170.7202,4131.6099,4161.46,1875930000
2014-04-23,4160.8999,4161.4399,4125.4102,4126.9702,1794760000
2014-04-24,4174.6099,4177.1602,4107.52,4148.3398,2130870000
2014-04-25,4125.1602,4126.98,4068.1001,4075.5601,2087140000
2014-04-28,4091.8101,4111.5898,4014.1699,4074.3999,2348320000
2014-04-29,4089.51,4111.4502,4070.25,4103.54,1911240000
2014-04-30,4085.1899,4116.1401,4070.6299,4114.5601,2151400000
2014-05-01,4121.25,4149.5601,4105.6099,4127.4502,2077040000
2014-05-02,4138.6299,4145.0601,4115.8901,4123.8999,1844790000
2014-05-05,4099.25,4138.3398,4086.3501,4138.0601,1561170000
2014-05-06,4128.2202,4132.46,4080.76,4080.76,1850610000
2014-05-07,4085.49,4091.03,4021.05,4067.6699,2486030000
2014-05-08,4053.28,4109.2002,4039.9099,4051.5,2411940000
2014-05-09,4043.4399,4071.8701,4025.24,4071.8701,1976160000
2014-05-12,4092.8401,4146.54,4092.0901,4143.8599,1880020000
2014-05-13,4144.8999,4155.1299,4128.0098,4130.1699,1923480000
2014-05-14,4122.0801,4132.3301,4093.8301,4100.6299,1764430000
2014-05-15,4096.5298,4098.25,4035.96,4069.29,2083030000
2014-05-16,4070.3501,4091.1599,4044.27,4090.5901,1741070000
2014-05-19,4080.3301,4128.4702,4075.7,4125.8101,1601400000
2014-05-20,4121.1099,4124.8599,4080.6101,4096.8901,1797910000
2014-05-21,4105.96,4133.6099,4103.6099,4131.54,1703500000
2014-05-22,4136.0898,4164.8501,4131.4702,4154.3398,1835810000
2014-05-23,4159.7798,4186.5801,4148.2998,4185.8101,1536610000
2014-05-27,4206.4399,4237.0698,4204.7202,4237.0698,1812330000
2014-05-28,4234.96,4238.1699,4216.8901,4225.0801,1785140000
2014-05-29,4238.04,4247.9502,4228.96,4247.9502,1714000000
2014-05-30,4251.4902,4252.0801,4221.9502,4242.6201,1903660000
2014-06-02,4247.96,4247.96,4207.6099,4237.2002,1631310000
2014-06-03,4222.04,4240.3501,4215.7998,4234.0801,1718640000
2014-06-04,4222.21,4256.1899,4216.23,4251.6401,1610090000
2014-06-05,4259.1201,4299.5,4241.6802,4296.23,1926750000
2014-06-06,4312.7598,4322.5098,4305.7402,4321.3999,1616650000
2014-06-09,4324.3501,4346.7402,4320.2798,4336.2402,1783060000
2014-06-10,4329.2002,4338.8701,4319.9302,4338.0,1787120000
2014-06-11,4322.9199,4338.21,4315.4902,4331.9302,1778460000
2014-06-12,4323.1099,4328.3501,4284.5298,4297.6299,1908190000
2014-06-13,4315.3101,4317.6699,4288.4102,4310.6499,1754560000
2014-06-16,4303.9302,4326.8901,4296.2598,4321.1001,1675120000
2014-06-17,4316.0098,4346.1201,4311.1499,4337.23,1814360000
2014-06-18,4341.1802,4365.1001,4320.54,4362.8398,1860660000
2014-06-19,4370.1401,4372.1802,4339.6099,4359.3301,1845460000
2014-06-20,4365.3701,4368.7998,4354.0298,4368.04,2721380000
2014-06-23,4368.96,4371.8101,4358.6802,4368.6802,1712930000
2014-06-24,4367.8999,4399.8701,4342.8999,4350.3501,2014700000
2014-06-25,4341.8198,4383.5498,4339.4102,4379.7598,1722820000
2014-06-26,4379.4399,4379.7998,4347.4502,4379.0498,1554070000
2014-06-27,4371.7998,4398.8501,4371.6001,4397.9302,3964930000
2014-06-30,4398.3701,4417.46,4396.5898,4408.1802,1848110000
2014-07-01,4424.71,4471.6001,4424.4302,4458.6499,1942550000
2014-07-02,4457.8599,4466.9199,4450.8701,4457.73,1599480000
2014-07-03,4472.8901,4485.9302,4463.8501,4485.9302,1001730000
2014-07-07,4477.7402,4478.02,4447.6001,4451.5298,1691390000
2014-07-08,4442.8701,4443.5601,4372.04,4391.46,2221820000
2014-07-09,4403.0298,4421.9302,4388.0098,4419.0298,1736960000
2014-07-10,4352.04,4415.8501,4351.04,4396.2002,1682920000
2014-07-11,4401.0498,4417.1602,4389.29,4415.4902,1511250000
2014-07-14,4441.3901,4451.6001,4432.9502,4440.4199,1579660000
2014-07-15,4444.9102,4451.9302,4389.7002,4416.3901,1772030000
2014-07-16,4446.1699,4448.8701,4419.71,4425.9702,2059340000
2014-07-17,4411.52,4425.3799,4352.23,4363.4502,2055240000
2014-07-18,4379.9399,4434.4399,4378.2202,4432.1499,1823580000
2014-07-21,4421.2002,4432.4199,4404.5098,4424.7002,1557820000
2014-07-22,4444.9399,4464.1299,4443.3501,4456.02,1724440000
2014-07-23,4468.1602,4480.73,4457.9502,4473.7002,1909810000
2014-07-24,4481.6099,4485.5,4465.9399,4472.1099,1935090000
2014-07-25,4448.0601,4457.9502,4430.4302,4449.5601,1711430000
2014-07-28,4451.1201,4455.3901,4413.9199,4444.9102,1783250000
2014-07-29,4456.0698,4470.9702,4441.0298,4442.7002,2090810000
2014-07-30,4468.4399,4476.0601,4444.5098,4462.8999,1872430000
2014-07-31,4421.29,4430.7998,4367.1499,4369.77,2273380000
2014-08-01,4363.3901,4385.0498,4324.02,4352.6401,2050340000
2014-08-04,4365.6201,4395.3799,4343.0298,4383.8901,1677400000
2014-08-05,4364.5898,4383.02,4333.5801,4352.8398,1916180000
2014-08-06,4326.2798,4378.9902,4325.04,4355.0498,1819310000
2014-08-07,4373.25,4379.7002,4321.8901,4334.9702,1866330000
2014-08-08,4340.8799,4373.1201,4327.8701,4370.8999,1759060000
2014-08-11,4387.3799,4415.7798,4384.1499,4401.3301,1537880000
2014-08-12,4394.6899,4407.0801,4371.8398,4389.25,1560220000
2014-08-13,4407.8701,4434.3101,4403.6401,4434.1299,1611690000
2014-08-14,4438.1299,4453.0,4433.9399,4453.0,1549820000
2014-08-15,4479.6401,4482.4702,4427.1299,4464.9302,1799460000
2014-08-18,4490.5298,4509.1602,4486.4399,4508.3101,1571100000
2014-08-19,4514.2598,4528.9102,4513.9199,4527.5098,1556560000
2014-08-20,4517.75,4533.0098,4515.73,4526.48,1502290000
2014-08-21,4526.7202,4534.0,4513.8101,4532.1001,1421730000
2014-08-22,4534.8701,4547.2402,4521.77,4538.5498,1311810000
2014-08-25,4563.7202,4571.1401,4547.7798,4557.3501,1384620000
2014-08-26,4563.8101,4575.5898,4556.7798,4570.6401,1469620000
2014-08-27,4574.3501,4575.8101,4561.8398,4569.6201,1389470000
2014-08-28,4552.5498,4565.96,4546.6201,4557.7002,1309580000
2014-08-29,4571.7598,4580.27,4553.7798,4580.27,1352830000
2014-09-02,4592.4199,4598.6401,4576.8101,4598.1899,1859080000
2014-09-03,4610.1401,4610.1401,4565.3799,4572.5601,1897450000
2014-09-04,4581.52,4603.1499,4553.3101,4562.29,1728700000
2014-09-05,4560.6299,4583.0,4542.7402,4582.8999,1641830000
2014-09-08,4579.0601,4600.3999,4570.23,4592.29,1670210000
2014-09-09,4588.8301,4599.0298,4544.4399,4552.29,1956550000
2014-09-10,4554.1499,4587.1001,4544.8398,4586.52,1808650000
2014-09-11,4567.6401,4591.8101,4559.75,4591.8101,1704850000
2014-09-12,4588.77,4590.0801,4555.6802,4567.6001,1784170000
2014-09-15,4567.4502,4567.4702,4506.73,4518.8999,1940520000
2014-09-16,4502.1099,4558.2402,4499.8701,4552.7598,1879350000
2014-09-17,4553.96,4582.3999,4539.3599,4562.1899,1796710000
2014-09-18,4575.7402,4593.98,4572.6201,4593.4302,1774840000
2014-09-19,4606.1299,4610.5698,4563.4399,4579.79,3178490000
2014-09-22,4568.4502,4568.8701,4513.1201,4527.6899,1881520000
2014-09-23,4511.3198,4536.0298,4508.4199,4508.6899,1847730000
2014-09-24,4514.9199,4557.27,4500.1299,4555.2202,1765260000
2014-09-25,4540.8198,4546.9302,4466.6401,4466.75,1939610000
2014-09-26,4476.48,4515.75,4475.48,4512.1899,1637480000
2014-09-29,4465.8398,4515.2402,4464.4399,4505.8501,1737750000
2014-09-30,4512.6401,4522.0601,4483.9102,4493.3901,2200380000
2014-10-01,4486.6499,4486.79,4409.2998,4422.0898,2312630000
2014-10-02,4421.25,4441.9502,4367.7402,4430.2002,2165500000
2014-10-03,4456.8101,4488.0698,4445.7202,4475.6201,1777640000
2014-10-06,4492.3999,4496.2598,4444.1001,4454.7998,1828240000
2014-10-07,4433.9102,4441.7598,4385.1499,4385.2002,2111360000
2014-10-08,4385.7002,4473.73,4355.3398,4468.5898,2451630000
2014-10-09,4458.29,4464.1299,4377.2798,4378.3398,2264220000
2014-10-10,4354.6299,4380.5098,4276.2402,4276.2402,2765750000
2014-10-13,4274.9102,4303.8198,4212.8701,4213.6602,2467830000
2014-10-14,4246.23,4281.3398,4212.8198,4227.1699,2496120000
2014-10-15,4154.1001,4231.54,4116.6001,4215.3198,3058740000
2014-10-16,4133.25,4246.0098,4131.6499,4217.3901,2591940000
2014-10-17,4275.0898,4296.1099,4241.6699,4258.4399,2260070000
2014-10-20,4254.1602,4316.8701,4248.2202,4316.0698,1717370000
2014-10-21,4359.1699,4419.48,4356.1001,4419.48,1997580000
2014-10-22,4429.1602,4435.8599,4381.2798,4382.8501,1967020000
2014-10-23,4427.4399,4475.5498,4421.5601,4452.79,1952380000
2014-10-24,4459.46,4486.2598,4445.8501,4483.7202,1754300000
2014-10-27,4469.02,4489.6001,4450.29,4485.9302,1585580000
2014-10-28,4505.73,4564.29,4505.1099,4564.29,1966920000
2014-10-29,4551.3701,4564.4399,4517.02,4549.23,2184050000
2014-10-30,4532.1001,4575.5,4521.79,4566.1401,2034960000
2014-10-31,4639.4502,4641.5098,4616.5801,4630.7402,2424360000
2014-11-03,4633.71,4654.1899,4627.4199,4638.9102,2033000000
2014-11-04,4623.77,4635.9502,4594.9199,4623.6401,1939320000
2014-11-05,4649.4702,4650.3901,4607.73,4620.7202,2001870000
2014-11-06,4616.7798,4639.1699,4604.7598,4638.4702,1986820000
2014-11-07,4636.8901,4638.7998,4606.8101,4632.5298,1978830000
2014-11-10,4635.1001,4653.3799,4626.4902,4651.6201,1830010000
2014-11-11,4649.1899,4661.23,4640.2402,4660.5601,1663690000
2014-11-12,4644.6299,4678.5801,4643.7798,4675.1401,1773060000
2014-11-13,4681.5601,4703.1001,4664.27,4680.1401,1857580000
2014-11-14,4679.8501,4688.7402,4664.3101,4688.54,1739950000
2014-11-17,4678.4399,4689.5298,4655.2002,4671.0,1695070000
2014-11-18,4674.8398,4709.8301,4674.2998,4702.4399,1655760000
2014-11-19,4694.7798,4696.2002,4655.7202,4675.71,1641560000
2014-11-20,4655.2002,4702.9702,4653.3301,4701.8701,1667330000
2014-11-21,4751.0098,4751.6001,4700.73,4712.9702,1854340000
2014-11-24,4725.1699,4755.02,4723.6201,4754.8901,1568130000
2014-11-25,4762.3901,4774.52,4749.9199,4758.25,1720140000
2014-11-26,4760.23,4788.0,4757.48,4787.3198,1362930000
2014-11-28,4797.1001,4810.8599,4786.7202,4791.6299,998600000
2014-12-01,4777.73,4782.0698,4724.6201,4727.3501,1893600000
2014-12-02,4732.9702,4761.6299,4729.7598,4755.8101,1839170000
2014-12-03,4761.3101,4781.3701,4745.1401,4774.4702,1734510000
2014-12-04,4772.0,4785.4102,4753.71,4769.4399,1724090000
2014-12-05,4776.5801,4788.98,4769.6401,4780.7598,1767100000
2014-12-08,4769.7598,4793.2402,4722.9102,4740.6899,1966770000
2014-12-09,4685.2002,4768.4102,4674.3799,4766.4702,1950330000
2014-12-10,4754.4199,4766.6401,4679.25,4684.02,1850810000
2014-12-11,4704.6499,4759.8799,4699.4302,4708.1602,1873050000
2014-12-12,4665.3501,4707.9199,4653.6001,4653.6001,1888870000
2014-12-15,4679.6699,4690.5801,4592.4302,4605.1602,2143610000
2014-12-16,4572.79,4645.1899,4547.3101,4547.8301,2231670000
2014-12-17,4556.8999,4651.8999,4550.7002,4644.3101,2279930000
2014-12-18,4712.3901,4748.3999,4697.0898,4748.3999,2172260000
2014-12-19,4752.6001,4782.1299,4738.29,4765.3799,3287920000
2014-12-22,4759.04,4781.9302,4757.7998,4781.4199,1720070000
2014-12-23,4798.0298,4798.0601,4761.3901,4765.4199,1590820000
2014-12-24,4770.1201,4787.5698,4768.6699,4773.4702,729750000
2014-12-26,4788.0601,4814.9502,4787.8501,4806.8599,930220000
2014-12-29,4801.2598,4813.7202,4798.8999,4806.9102,1227740000
2014-12-30,4793.6099,4803.8901,4772.8799,4777.4399,1269200000
2014-12-31,4790.5298,4806.4302,4734.1099,4736.0498,1515600000
2015-01-02,4760.2402,4777.0098,4698.1099,4726.8101,1435150000
2015-01-05,4700.3398,4702.77,4641.46,4652.5698,1794470000
2015-01-06,4666.8501,4667.3301,4567.5898,4592.7402,2167320000
2015-01-07,4626.8398,4652.7202,4613.8999,4650.4702,1957950000
2015-01-08,4689.54,4741.3799,4688.02,4736.1899,2105450000
2015-01-09,4744.4702,4744.71,4681.2402,4704.0698,1715830000
2015-01-12,4714.0698,4715.8101,4650.6499,4664.71,1861960000
2015-01-13,4708.7402,4751.3398,4624.2798,4661.5,2162180000
2015-01-14,4610.7598,4655.3701,4595.98,4639.3198,2073810000
2015-01-15,4657.46,4663.96,4567.3901,4570.8198,1976260000
2015-01-16,4566.3799,4635.8198,4563.1099,4634.3799,1970520000
2015-01-20,4655.8398,4665.6499,4601.1001,4654.8501,1835040000
2015-01-21,4641.9502,4692.46,4629.5898,4667.4199,1847420000
2015-01-22,4690.9302,4752.6001,4644.5698,4750.3999,1996550000
2015-01-23,4748.1899,4771.1802,4737.9502,4757.8799,1653830000
2015-01-26,4752.3599,4774.1802,4734.2002,4771.7598,1717510000
2015-01-27,4698.23,4721.8701,4659.8301,4681.5,1954160000
2015-01-28,4740.6899,4742.0601,4637.48,4637.9902,2118680000
2015-01-29,4635.73,4688.4102,4601.7598,4683.4102,2110710000
2015-01-30,4671.21,4703.8101,4631.1001,4635.2402,2264230000
2015-02-02,4650.6001,4676.6899,4580.46,4676.6899,2006450000
2015-02-03,4693.25,4727.7402,4670.8198,4727.7402,2153520000
2015-02-04,4699.8101,4744.3301,4697.79,4716.7002,2212960000
2015-02-05,4729.6499,4767.3799,4722.7998,4765.1001,2036590000
2015-02-06,4768.8398,4787.1802,4731.2202,4744.3999,2034060000
2015-02-09,4723.73,4749.4702,4719.6099,4726.0098,1654680000
2015-02-10,4754.6299,4793.27,4737.1201,4787.6401,1773730000
2015-02-11,4788.3701,4810.3599,4780.1299,4801.1802,1793630000
2015-02-12,4828.0801,4857.6099,4823.5698,4857.6099,2075470000
2015-02-13,4869.73,4893.8398,4860.1201,4893.8398,1942240000
2015-02-17,4889.9902,4901.8901,4880.6401,4899.27,1751490000
2015-02-18,4890.8398,4907.5,4885.6001,4906.3599,1684800000
2015-02-19,4901.5098,4929.5298,4900.6299,4924.7002,1592890000
2015-02-20,4919.7798,4957.02,4905.5898,4955.9702,1761140000
2015-02-23,4953.1001,4960.9702,4939.5601,4960.9702,1754850000
2015-02-24,4956.21,4971.1802,4945.1401,4968.1201,1834890000
2015-02-25,4960.3599,4984.2402,4956.0,4967.1401,1848560000
2015-02-26,4969.27,4989.1099,4955.5098,4987.8901,1905550000
2015-02-27,4985.0298,4989.25,4960.8701,4963.5298,1955590000
2015-03-02,4973.4302,5008.5698,4972.0098,5008.1001,1931110000
2015-03-03,4990.7002,4996.6602,4956.0698,4979.8999,2018900000
2015-03-04,4961.2402,4973.3198,4938.8999,4967.1401,1824830000
2015-03-05,4979.9502,4993.52,4963.1001,4982.8101,1724200000
2015-03-06,4967.2402,4982.9302,4918.6299,4927.3701,1918220000
2015-03-09,4936.0801,4950.4702,4920.8198,4942.4399,1696510000
2015-03-10,4899.5098,4903.4399,4859.79,4859.79,1876010000
2015-03-11,4866.9399,4876.0898,4846.79,4849.9399,1846020000
2015-03-12,4853.98,4895.7998,4853.2002,4893.29,1855110000
2015-03-13,4885.54,4904.4702,4842.7998,4871.7598,1851410000
2015-03-16,4897.27,4929.9399,4889.0898,4929.5098,1713480000
2015-03-17,4912.6499,4944.9102,4907.02,4937.4302,1724370000
2015-03-18,4926.8301,5001.5698,4907.7202,4982.8301,1983570000
2015-03-19,4982.02,5000.02,4979.9399,4992.3799,1674970000
2015-03-20,5033.4702,5042.1401,5020.0698,5026.4199,2825670000
2015-03-23,5020.6001,5031.3901,5010.9702,5010.9702,1608880000
2015-03-24,5010.1001,5032.48,4994.5601,4994.73,1611670000
2015-03-25,5002.8301,5006.7598,4876.52,4876.52,2219520000
2015-03-26,4835.71,4889.21,4825.9302,4863.3599,2004960000
2015-03-27,4863.7402,4899.2598,4859.6602,4891.2202,1678650000
2015-03-30,4921.7798,4948.46,4921.1201,4947.4399,1778520000
2015-03-31,4925.9102,4940.8701,4899.3101,4900.8799,1837660000
2015-04-01,4894.3599,4899.3799,4844.3901,4880.23,1874960000
2015-04-02,4885.4102,4901.3301,4872.96,4886.9399,1563670000
2015-04-06,4855.9399,4929.6201,4852.9102,4917.3198,1737560000
2015-04-07,4917.5,4948.8799,4909.77,4910.23,1572940000
2015-04-08,4914.1499,4956.7202,4914.1499,4950.8198,1714210000
2015-04-09,4950.8398,4975.9302,4928.1099,4974.5601,1729750000
2015-04-10,4977.0298,4996.0801,4970.02,4995.98,1494240000
2015-04-13,5001.5498,5024.25,4985.96,4988.25,1544190000
2015-04-14,4988.8198,4996.8198,4952.0098,4977.29,1571360000
2015-04-15,4992.6201,5021.1899,4989.2402,5011.02,1795530000
2015-04-16,4999.3599,5016.0,4996.0,5007.79,1662850000
2015-04-17,4966.1099,4974.0898,4912.3301,4931.8101,1985190000
2015-04-20,4958.0698,5000.2002,4952.6802,4994.6001,1646340000
2015-04-21,5023.96,5028.2202,5009.5098,5014.1001,1721260000
2015-04-22,5026.5698,5040.6499,4992.6201,5035.1699,1696380000
2015-04-23,5020.2202,5073.0898,5019.29,5056.0601,1858620000
2015-04-24,5096.3398,5100.3701,5081.21,5092.0801,1895150000
2015-04-27,5104.3599,5119.8301,5053.54,5060.25,2172470000
2015-04-28,5063.2598,5075.2998,5006.2798,5055.4199,2032500000
2015-04-29,5028.4502,5053.8398,4999.8301,5023.6401,1871300000
2015-04-30,4996.9902,5015.96,4921.5498,4941.4199,2269290000
2015-05-01,4966.3198,5005.3901,4962.7402,5005.3901,1854400000
2015-05-04,5018.3501,5043.6201,5013.02,5016.9302,1668200000
2015-05-05,5000.2002,5008.27,4934.3398,4939.3301,2069490000
2015-05-06,4956.7002,4965.1001,4888.1699,4919.6401,2144620000
2015-05-07,4917.75,4957.1201,4914.5298,4945.54,2042960000
2015-05-08,4991.6299,5014.3301,4989.2598,5003.5498,1978760000
2015-05-11,5003.2598,5017.3799,4992.02,4993.5698,1731390000
2015-05-12,4966.4399,4995.5,4931.6001,4976.1899,1705870000
2015-05-13,4991.4199,5012.9702,4977.4902,4981.6899,1672260000
2015-05-14,5016.6802,5051.7202,4999.6499,5050.7998,1741970000
2015-05-15,5059.1499,5062.6499,5034.8398,5048.29,1667260000
2015-05-18,5040.9199,5084.5,5037.54,5078.4399,1643870000
2015-05-19,5080.4399,5087.3501,5062.7998,5070.0298,1750980000
2015-05-20,5072.4399,5097.52,5050.21,5071.7402,1786830000
2015-05-21,5065.9399,5098.23,5062.5098,5090.79,1683670000
2015-05-22,5085.3901,5103.8398,5085.1899,5089.3599,1544920000
2015-05-26,5076.9102,5081.1699,5016.7402,5032.75,1731950000
2015-05-27,5047.8599,5111.54,5039.3701,5106.5898,1809550000
2015-05-28,5096.3398,5106.6499,5080.25,5097.98,1741420000
2015-05-29,5093.1001,5099.3999,5057.5898,5070.0298,2024170000
2015-06-01,5094.9399,5099.0098,5045.6699,5082.9302,1902120000
2015-06-02,5063.4702,5100.02,5047.3501,5076.52,1729750000
2015-06-03,5098.48,5114.6001,5084.9902,5099.23,1852680000
2015-06-04,5078.2202,5101.1099,5046.29,5059.1201,1813960000
2015-06-05,5057.04,5074.98,5025.52,5068.46,1842890000
2015-06-08,5066.6499,5069.0,5014.0601,5021.6299,1712210000
2015-06-09,5013.1299,5027.02,4974.6201,5013.8701,1754340000
2015-06-10,5029.4102,5086.6602,5024.1699,5076.6899,1792980000
2015-06-11,5088.2598,5101.3901,5075.0498,5082.5098,1623950000
2015-06-12,5060.2402,5067.96,5043.2402,5051.1001,1428900000
2015-06-15,5011.79,5035.3701,4985.9399,5029.9702,1790280000
2015-06-16,5023.5801,5063.0601,5022.5601,5055.5498,1654820000
2015-06-17,5067.6802,5080.1099,5042.25,5064.8799,1712820000
2015-06-18,5082.0601,5143.3198,5082.0298,5132.9502,1877920000
2015-06-19,5139.77,5140.1699,5113.9399,5117.0,2468310000
2015-06-22,5147.8701,5162.1299,5142.7798,5153.9702,1619970000
2015-06-23,5161.6802,5163.4102,5139.3301,5160.0898,1613540000
2015-06-24,5151.3799,5164.3599,5121.6401,5122.4102,1628800000
2015-06-25,5139.48,5141.71,5102.1602,5112.1899,1614760000
2015-06-26,5113.2598,5121.4702,5060.8198,5080.5098,3843810000
2015-06-29,5021.21,5051.0098,4956.23,4958.4702,2025580000
2015-06-30,5000.1499,5008.7598,4968.2598,4986.8701,2034430000
